item,user,rating,timestamp
0,0,4.0,1155081600
1,0,5.0,1268697600
2,0,5.0,1404604800
3,0,5.0,1404604800
4,0,5.0,1404604800
5,0,5.0,1404604800
5,0,5.0,1404604800
6,0,5.0,1461801600
7,1,3.0,1365465600
8,1,5.0,1414368000
9,1,4.0,1432684800
9,1,4.0,1432684800
10,1,4.0,1464825600
11,1,5.0,1504656000
12,1,5.0,1504656000
13,2,4.0,1249516800
14,2,4.0,1395014400
15,2,4.0,1408406400
16,2,4.0,1423785600
17,2,5.0,1497830400
11,2,4.0,1506643200
12,2,4.0,1506643200
18,3,5.0,1493337600
4,3,5.0,1493337600
5,3,5.0,1493337600
5,3,5.0,1493337600
19,3,5.0,1493337600
20,3,5.0,1493337600
18,4,5.0,1524614400
4,4,5.0,1524614400
5,4,5.0,1524614400
5,4,5.0,1524614400
19,4,5.0,1524614400
21,4,5.0,1524614400
22,5,5.0,1257724800
23,5,5.0,1369267200
24,5,5.0,1369872000
25,5,5.0,1509667200
25,5,5.0,1509667200
26,5,5.0,1509667200
27,6,5.0,1534723200
27,6,5.0,1534723200
27,6,5.0,1534723200
27,6,5.0,1534723200
27,6,5.0,1534723200
27,6,5.0,1534723200
27,6,5.0,1534723200
27,6,5.0,1534723200
27,6,5.0,1534723200
27,6,5.0,1534723200
28,7,5.0,1414972800
29,7,5.0,1433376000
30,7,5.0,1434499200
31,7,5.0,1456099200
32,7,5.0,1456617600
33,7,5.0,1456617600
34,7,5.0,1456617600
35,7,5.0,1456876800
36,7,5.0,1456876800
37,7,5.0,1467244800
38,7,5.0,1467331200
39,7,4.0,1467590400
40,7,5.0,1467590400
41,7,5.0,1467590400
42,8,5.0,1318550400
8,8,5.0,1381276800
8,8,5.0,1383523200
8,8,5.0,1391212800
8,8,5.0,1391212800
8,8,5.0,1391212800
8,8,5.0,1406764800
8,8,5.0,1414195200
43,8,5.0,1489017600
2,9,5.0,1478476800
3,9,5.0,1478476800
4,9,5.0,1478476800
5,9,5.0,1478476800
5,9,5.0,1478476800
44,9,5.0,1478476800
45,10,5.0,1444953600
46,10,5.0,1444953600
47,10,5.0,1444953600
48,10,5.0,1444953600
49,10,5.0,1444953600
50,10,5.0,1444953600
51,10,5.0,1444953600
52,10,5.0,1444953600
53,10,5.0,1444953600
54,10,5.0,1444953600
55,10,5.0,1444953600
2,11,5.0,1434499200
3,11,5.0,1434499200
4,11,5.0,1434499200
5,11,5.0,1434499200
5,11,5.0,1434499200
56,11,5.0,1434499200
2,12,5.0,1462492800
3,12,5.0,1462492800
4,12,5.0,1462492800
5,12,5.0,1462492800
5,12,5.0,1462492800
57,12,5.0,1462492800
58,13,3.0,1435363200
59,13,5.0,1446076800
60,13,2.0,1465603200
61,13,2.0,1465603200
62,13,5.0,1471305600
63,13,5.0,1487030400
64,13,1.0,1487030400
65,14,5.0,1314403200
66,14,5.0,1314403200
67,14,5.0,1315612800
68,14,5.0,1346025600
68,14,5.0,1346025600
69,14,4.0,1363305600
18,15,5.0,1471996800
4,15,5.0,1471996800
5,15,5.0,1471996800
5,15,5.0,1471996800
19,15,5.0,1471996800
70,15,5.0,1471996800
71,15,5.0,1471996800
18,16,5.0,1487116800
4,16,5.0,1487116800
5,16,5.0,1487116800
5,16,5.0,1487116800
19,16,5.0,1487116800
72,16,5.0,1487116800
2,17,5.0,1486684800
3,17,5.0,1486684800
4,17,5.0,1486684800
5,17,5.0,1486684800
5,17,5.0,1486684800
73,17,5.0,1486684800
2,18,5.0,1447200000
3,18,5.0,1447200000
4,18,5.0,1447200000
5,18,5.0,1447200000
5,18,5.0,1447200000
44,18,5.0,1447200000
2,19,5.0,1426636800
3,19,5.0,1426636800
4,19,5.0,1426636800
5,19,5.0,1426636800
5,19,5.0,1426636800
74,19,5.0,1426636800
18,20,5.0,1491177600
4,20,5.0,1491177600
5,20,5.0,1491177600
5,20,5.0,1491177600
19,20,5.0,1491177600
75,20,5.0,1491177600
76,21,2.0,1428019200
77,21,5.0,1438473600
78,21,4.0,1459900800
79,21,5.0,1482710400
80,21,5.0,1482710400
81,21,5.0,1482710400
82,22,4.0,1365465600
16,22,5.0,1423612800
9,22,4.0,1431648000
9,22,4.0,1431648000
83,22,5.0,1449792000
11,22,3.0,1505001600
12,22,3.0,1505001600
8,22,4.0,1507420800
18,23,5.0,1447113600
4,23,5.0,1447113600
5,23,5.0,1447113600
5,23,5.0,1447113600
19,23,5.0,1447113600
84,23,5.0,1447113600
85,24,4.0,1239840000
86,24,2.0,1351123200
87,24,4.0,1444348800
88,24,4.0,1447632000
89,24,5.0,1452124800
90,24,3.0,1464739200
8,24,3.0,1504051200
91,24,4.0,1504656000
91,24,4.0,1504656000
92,25,5.0,1458000000
93,25,5.0,1458000000
94,25,5.0,1461888000
95,25,5.0,1492992000
96,25,5.0,1496966400
97,25,4.0,1515369600
98,26,5.0,1460419200
99,26,5.0,1461715200
100,26,5.0,1461715200
101,26,4.0,1461715200
102,26,5.0,1461715200
103,26,4.0,1461715200
2,27,5.0,1384560000
3,27,5.0,1384560000
4,27,5.0,1384560000
5,27,5.0,1384560000
5,27,5.0,1384560000
104,27,5.0,1384560000
2,27,5.0,1384732800
3,27,5.0,1384732800
4,27,5.0,1384732800
5,27,5.0,1384732800
5,27,5.0,1384732800
105,28,4.0,1302998400
106,28,5.0,1328227200
107,28,5.0,1377648000
108,28,5.0,1377648000
109,28,2.0,1389052800
110,28,5.0,1422144000
111,28,5.0,1424476800
112,28,2.0,1475625600
18,29,5.0,1439942400
4,29,5.0,1439942400
5,29,5.0,1439942400
5,29,5.0,1439942400
19,29,5.0,1439942400
113,29,5.0,1439942400
18,30,5.0,1457740800
4,30,5.0,1457740800
5,30,5.0,1457740800
5,30,5.0,1457740800
19,30,5.0,1457740800
114,30,5.0,1500940800
18,31,5.0,1435622400
4,31,5.0,1435622400
5,31,5.0,1435622400
5,31,5.0,1435622400
19,31,5.0,1435622400
115,31,5.0,1435622400
116,31,2.0,1441411200
117,32,5.0,1397606400
17,32,5.0,1444262400
25,32,5.0,1444262400
25,32,5.0,1444262400
118,32,5.0,1444262400
26,32,5.0,1444262400
63,33,5.0,1460246400
18,33,5.0,1461369600
4,33,5.0,1461369600
5,33,5.0,1461369600
5,33,5.0,1461369600
19,33,5.0,1461369600
18,34,5.0,1342742400
5,34,5.0,1342742400
5,34,5.0,1342742400
5,34,5.0,1342742400
5,34,5.0,1342742400
19,34,5.0,1342742400
119,35,5.0,1098057600
120,35,5.0,1233273600
121,35,4.0,1324166400
122,35,4.0,1441152000
8,35,5.0,1503619200
91,35,4.0,1504224000
91,35,4.0,1504224000
123,36,1.0,1353715200
124,36,5.0,1363737600
124,36,5.0,1363737600
125,36,5.0,1389139200
126,36,5.0,1389139200
127,36,2.0,1410048000
128,37,4.0,1423612800
129,37,4.0,1500508800
8,37,4.0,1503964800
11,37,4.0,1504483200
12,37,4.0,1504483200
130,37,4.0,1504915200
131,38,2.0,1281744000
132,38,5.0,1354147200
107,38,4.0,1356220800
133,38,4.0,1356220800
108,38,4.0,1356220800
134,38,5.0,1414108800
2,39,5.0,1505692800
3,39,5.0,1505692800
4,39,5.0,1505692800
5,39,5.0,1505692800
5,39,5.0,1505692800
135,39,5.0,1505692800
8,40,5.0,1503964800
91,40,5.0,1504396800
91,40,5.0,1504396800
11,40,3.0,1505606400
12,40,3.0,1505606400
8,40,5.0,1506384000
136,41,4.0,1421712000
137,41,4.0,1429401600
11,41,4.0,1504828800
12,41,4.0,1504828800
91,41,4.0,1507334400
91,41,4.0,1507334400
8,41,4.0,1507334400
18,42,5.0,1376784000
4,42,5.0,1376784000
5,42,5.0,1376784000
5,42,5.0,1376784000
19,42,5.0,1376784000
138,42,5.0,1376784000
2,43,5.0,1401235200
3,43,5.0,1401235200
4,43,5.0,1401235200
5,43,5.0,1401235200
5,43,5.0,1401235200
139,43,5.0,1401235200
2,44,5.0,1414195200
3,44,5.0,1414195200
4,44,5.0,1414195200
5,44,5.0,1414195200
5,44,5.0,1414195200
44,44,5.0,1414195200
140,45,4.0,1452211200
141,45,1.0,1452211200
142,45,3.0,1452211200
143,45,1.0,1452211200
144,45,3.0,1452211200
145,45,5.0,1452211200
146,45,5.0,1452211200
147,45,5.0,1454198400
148,45,5.0,1454198400
149,46,3.0,1413244800
150,46,5.0,1421798400
151,46,5.0,1422403200
77,46,5.0,1424908800
152,46,4.0,1426809600
153,46,5.0,1440374400
18,47,5.0,1458259200
4,47,5.0,1458259200
5,47,5.0,1458259200
5,47,5.0,1458259200
19,47,5.0,1458259200
154,47,5.0,1458259200
155,48,5.0,1478304000
156,48,5.0,1478304000
157,48,5.0,1478304000
158,48,5.0,1478304000
159,48,5.0,1478304000
160,48,5.0,1478304000
161,49,5.0,1388534400
18,49,5.0,1483574400
4,49,5.0,1483574400
5,49,5.0,1483574400
5,49,5.0,1483574400
19,49,5.0,1483574400
18,50,4.0,1491523200
4,50,4.0,1491523200
5,50,4.0,1491523200
5,50,4.0,1491523200
19,50,4.0,1491523200
115,50,4.0,1491523200
162,51,3.0,1471824000
163,51,4.0,1473638400
164,51,5.0,1474675200
165,51,5.0,1474675200
166,51,5.0,1493596800
167,51,4.0,1513468800
168,51,5.0,1520812800
169,51,5.0,1522627200
170,51,4.0,1532649600
18,52,5.0,1463184000
4,52,5.0,1463184000
5,52,5.0,1463184000
5,52,5.0,1463184000
19,52,5.0,1463184000
171,52,5.0,1463184000
2,53,5.0,1384128000
3,53,5.0,1384128000
4,53,5.0,1384128000
5,53,5.0,1384128000
5,53,5.0,1384128000
172,53,5.0,1384128000
28,54,5.0,1413936000
173,54,5.0,1423699200
174,54,5.0,1424822400
175,54,5.0,1426118400
176,54,5.0,1443139200
177,54,5.0,1444176000
178,54,5.0,1450137600
179,54,5.0,1450310400
180,54,5.0,1452988800
181,55,5.0,1411603200
8,55,5.0,1413936000
8,55,5.0,1413936000
8,55,5.0,1416182400
8,55,4.0,1419724800
182,55,4.0,1419724800
183,55,5.0,1420243200
8,55,5.0,1420243200
8,55,5.0,1425513600
184,55,5.0,1429142400
185,55,5.0,1438560000
186,55,5.0,1444780800
187,55,5.0,1445212800
8,55,5.0,1452556800
188,55,5.0,1455580800
189,55,5.0,1455580800
190,55,5.0,1455580800
191,55,5.0,1457395200
8,55,5.0,1461196800
192,55,5.0,1472169600
193,55,5.0,1476144000
18,56,5.0,1422144000
4,56,5.0,1422144000
5,56,5.0,1422144000
5,56,5.0,1422144000
19,56,5.0,1422144000
194,56,5.0,1422144000
107,57,4.0,1320537600
108,57,4.0,1320537600
195,57,5.0,1366761600
196,57,5.0,1416528000
197,57,5.0,1417305600
8,57,5.0,1507593600
91,57,3.0,1508630400
91,57,3.0,1508630400
198,58,4.0,1365638400
199,58,5.0,1383004800
15,58,5.0,1408233600
149,58,5.0,1411171200
200,58,5.0,1422662400
201,58,4.0,1442188800
202,58,4.0,1486857600
129,58,4.0,1500940800
91,58,4.0,1505692800
91,58,4.0,1505692800
203,59,5.0,1421539200
204,59,5.0,1423094400
205,59,5.0,1430956800
206,59,5.0,1433116800
207,59,5.0,1433116800
208,59,5.0,1433116800
209,59,5.0,1433116800
210,59,1.0,1433116800
211,60,4.0,1448841600
212,60,5.0,1449187200
213,60,5.0,1449878400
214,60,5.0,1455580800
215,60,5.0,1462406400
216,60,5.0,1485216000
85,61,5.0,1244246400
217,61,5.0,1253923200
218,61,5.0,1259020800
219,61,4.0,1355961600
220,61,4.0,1470096000
221,61,4.0,1470096000
2,62,5.0,1341964800
3,62,5.0,1341964800
5,62,5.0,1341964800
5,62,5.0,1341964800
5,62,5.0,1341964800
5,62,5.0,1341964800
222,63,5.0,1383523200
223,63,5.0,1422835200
224,63,5.0,1458777600
8,63,5.0,1504051200
91,63,4.0,1505952000
91,63,4.0,1505952000
225,63,5.0,1518739200
226,64,2.0,1099094400
227,64,5.0,1360022400
228,64,1.0,1405468800
8,64,5.0,1460937600
8,64,5.0,1462752000
8,64,5.0,1462752000
8,64,5.0,1462752000
8,64,5.0,1462752000
2,65,5.0,1464134400
3,65,5.0,1464134400
4,65,5.0,1464134400
5,65,5.0,1464134400
5,65,5.0,1464134400
230,65,5.0,1464134400
18,66,5.0,1438560000
4,66,5.0,1438560000
5,66,5.0,1438560000
5,66,5.0,1438560000
19,66,5.0,1438560000
231,66,5.0,1438560000
232,67,5.0,1481500800
233,67,5.0,1481846400
234,67,2.0,1490486400
234,67,2.0,1490486400
235,67,4.0,1493164800
236,67,3.0,1493164800
237,67,4.0,1503705600
238,67,1.0,1504742400
239,68,4.0,1072656000
240,68,4.0,1072656000
241,68,5.0,1072742400
8,68,5.0,1504310400
8,68,5.0,1504310400
242,68,4.0,1526860800
243,69,5.0,1409011200
243,69,5.0,1409011200
244,69,4.0,1483660800
245,69,5.0,1484006400
246,69,5.0,1484438400
247,69,5.0,1496707200
18,70,5.0,1432166400
4,70,5.0,1432166400
5,70,5.0,1432166400
5,70,5.0,1432166400
19,70,5.0,1432166400
248,70,5.0,1432166400
18,71,5.0,1427587200
4,71,5.0,1427587200
5,71,5.0,1427587200
5,71,5.0,1427587200
19,71,5.0,1427587200
249,71,5.0,1427587200
170,71,4.0,1500076800
250,71,3.0,1501027200
251,71,2.0,1506211200
2,72,5.0,1360713600
3,72,5.0,1360713600
4,72,5.0,1360713600
5,72,5.0,1360713600
5,72,5.0,1360713600
252,72,5.0,1360713600
18,73,5.0,1481673600
4,73,5.0,1481673600
5,73,5.0,1481673600
5,73,5.0,1481673600
19,73,5.0,1481673600
253,73,5.0,1481673600
107,74,5.0,1402444800
108,74,5.0,1402444800
254,74,5.0,1424995200
255,74,5.0,1424995200
256,74,5.0,1433462400
257,74,5.0,1447286400
258,74,5.0,1449100800
259,74,5.0,1464048000
2,75,5.0,1464048000
3,75,5.0,1464048000
4,75,5.0,1464048000
5,75,5.0,1464048000
5,75,5.0,1464048000
230,75,5.0,1464048000
260,76,5.0,1417910400
261,76,4.0,1438214400
262,76,5.0,1451952000
263,76,5.0,1456272000
193,76,5.0,1462579200
264,76,5.0,1472256000
265,76,4.0,1473206400
266,76,5.0,1488672000
267,76,4.0,1492214400
18,77,5.0,1458777600
4,77,5.0,1458777600
5,77,5.0,1458777600
5,77,5.0,1458777600
19,77,5.0,1458777600
268,77,5.0,1458777600
4,78,5.0,1459382400
5,78,5.0,1459382400
5,78,5.0,1459382400
269,78,5.0,1459382400
270,78,5.0,1459900800
271,78,5.0,1466726400
272,79,3.0,1391126400
273,79,5.0,1412726400
274,79,4.0,1412726400
275,79,4.0,1414368000
276,79,3.0,1414368000
277,79,1.0,1416009600
278,79,4.0,1458345600
279,79,2.0,1461715200
280,79,5.0,1481673600
281,79,2.0,1481673600
282,79,3.0,1481760000
283,79,1.0,1481760000
284,79,5.0,1487376000
234,79,1.0,1489881600
234,79,1.0,1489881600
285,79,1.0,1489881600
286,79,3.0,1494720000
287,79,1.0,1495238400
288,79,4.0,1498608000
289,79,5.0,1503187200
290,79,1.0,1508198400
291,79,4.0,1522800000
292,79,4.0,1523404800
293,80,4.0,1426377600
294,80,5.0,1439856000
295,80,5.0,1444435200
116,80,3.0,1449446400
126,80,5.0,1454716800
296,80,5.0,1457740800
297,80,5.0,1457740800
18,81,5.0,1524355200
4,81,5.0,1524355200
4,81,5.0,1524355200
5,81,5.0,1524355200
5,81,5.0,1524355200
5,81,5.0,1524355200
5,81,5.0,1524355200
19,81,5.0,1524355200
2,81,5.0,1524355200
3,81,5.0,1524355200
298,82,5.0,1447200000
299,82,5.0,1456531200
300,82,5.0,1459814400
301,82,5.0,1459814400
302,82,5.0,1459814400
303,82,5.0,1478044800
2,83,5.0,1252627200
3,83,5.0,1252627200
5,83,5.0,1252627200
5,83,5.0,1252627200
5,83,5.0,1252627200
5,83,5.0,1252627200
18,84,5.0,1452124800
4,84,5.0,1452124800
5,84,5.0,1452124800
5,84,5.0,1452124800
19,84,5.0,1452124800
304,84,5.0,1452124800
305,85,3.0,1197590400
243,85,4.0,1216166400
243,85,4.0,1216166400
306,85,3.0,1353196800
122,85,4.0,1441065600
8,85,4.0,1504396800
2,86,5.0,1440720000
3,86,5.0,1440720000
4,86,5.0,1440720000
5,86,5.0,1440720000
5,86,5.0,1440720000
230,86,5.0,1440720000
18,87,5.0,1468800000
4,87,5.0,1468800000
5,87,5.0,1468800000
5,87,5.0,1468800000
19,87,5.0,1468800000
307,87,5.0,1468800000
308,88,4.0,1278288000
309,88,5.0,1303776000
310,88,3.0,1312588800
311,88,4.0,1385078400
312,88,5.0,1393718400
313,88,3.0,1455753600
314,89,5.0,1398470400
315,89,5.0,1415577600
316,89,5.0,1426118400
317,89,4.0,1448668800
8,89,5.0,1503964800
11,89,4.0,1504224000
12,89,4.0,1504224000
91,89,4.0,1504915200
91,89,4.0,1504915200
18,90,4.0,1447113600
4,90,4.0,1447113600
5,90,4.0,1447113600
5,90,4.0,1447113600
19,90,4.0,1447113600
231,90,4.0,1447113600
318,91,2.0,1391299200
8,91,5.0,1511654400
91,91,3.0,1519171200
91,91,3.0,1519171200
11,91,4.0,1519171200
12,91,4.0,1519171200
2,92,5.0,1484784000
3,92,5.0,1484784000
4,92,5.0,1484784000
5,92,5.0,1484784000
5,92,5.0,1484784000
230,92,5.0,1484784000
2,93,5.0,1447891200
319,93,2.0,1447891200
3,93,5.0,1447891200
4,93,5.0,1447891200
5,93,5.0,1447891200
5,93,5.0,1447891200
56,93,5.0,1447891200
18,94,5.0,1453593600
4,94,5.0,1453593600
5,94,5.0,1453593600
5,94,5.0,1453593600
19,94,5.0,1453593600
320,94,5.0,1453593600
8,95,5.0,1412726400
8,95,5.0,1412726400
8,95,5.0,1412726400
8,95,5.0,1412726400
8,95,5.0,1412726400
8,95,5.0,1419465600
321,95,5.0,1431388800
18,96,5.0,1489968000
4,96,5.0,1489968000
5,96,5.0,1489968000
5,96,5.0,1489968000
19,96,5.0,1489968000
322,96,5.0,1489968000
198,97,4.0,1364256000
91,97,4.0,1504224000
91,97,4.0,1504224000
8,97,4.0,1504224000
8,97,4.0,1504224000
8,97,5.0,1506038400
323,98,4.0,1467676800
324,98,2.0,1473638400
325,98,3.0,1473638400
326,98,5.0,1473638400
327,98,5.0,1473638400
328,98,2.0,1474416000
18,99,5.0,1457913600
4,99,5.0,1457913600
5,99,5.0,1457913600
5,99,5.0,1457913600
19,99,5.0,1457913600
320,99,5.0,1457913600
2,100,5.0,1411948800
3,100,5.0,1411948800
4,100,5.0,1411948800
5,100,5.0,1411948800
5,100,5.0,1411948800
57,100,5.0,1411948800
329,101,5.0,1472515200
330,101,5.0,1476144000
331,101,5.0,1476144000
332,101,5.0,1476144000
333,101,5.0,1476144000
334,101,5.0,1476316800
335,101,5.0,1522713600
336,102,3.0,1425945600
337,102,5.0,1431648000
338,102,5.0,1434585600
339,102,5.0,1437436800
340,102,4.0,1437782400
341,102,1.0,1441152000
341,102,1.0,1441152000
2,103,5.0,1433289600
3,103,5.0,1433289600
4,103,5.0,1433289600
5,103,5.0,1433289600
5,103,5.0,1433289600
342,103,5.0,1433289600
2,104,5.0,1448841600
3,104,5.0,1448841600
4,104,5.0,1448841600
5,104,5.0,1448841600
5,104,5.0,1448841600
57,104,5.0,1448841600
18,105,5.0,1468454400
4,105,5.0,1468454400
5,105,5.0,1468454400
5,105,5.0,1468454400
19,105,5.0,1468454400
154,105,5.0,1468454400
124,106,5.0,1409616000
124,106,5.0,1409616000
260,106,5.0,1441843200
343,106,5.0,1457740800
344,106,3.0,1459987200
345,106,5.0,1474675200
346,107,5.0,1430956800
4,107,5.0,1442793600
5,107,5.0,1442793600
5,107,5.0,1442793600
347,107,5.0,1442793600
348,107,4.0,1513209600
349,108,3.0,1469145600
350,108,5.0,1472083200
351,108,5.0,1476921600
352,108,5.0,1477699200
353,108,5.0,1478476800
354,108,5.0,1479081600
355,108,5.0,1479168000
356,108,4.0,1481500800
357,108,5.0,1483401600
358,108,5.0,1483488000
2,109,5.0,1513123200
3,109,5.0,1513123200
4,109,5.0,1513123200
5,109,5.0,1513123200
5,109,5.0,1513123200
359,109,5.0,1513123200
360,109,5.0,1513123200
107,110,5.0,1302220800
108,110,5.0,1302220800
361,110,5.0,1316390400
82,110,5.0,1368576000
82,110,5.0,1368576000
362,110,5.0,1385942400
363,110,3.0,1423094400
364,110,4.0,1431043200
8,110,5.0,1504310400
2,111,5.0,1426982400
3,111,5.0,1426982400
4,111,5.0,1426982400
5,111,5.0,1426982400
5,111,5.0,1426982400
365,111,5.0,1426982400
2,112,5.0,1407024000
3,112,5.0,1407024000
4,112,5.0,1407024000
5,112,5.0,1407024000
5,112,5.0,1407024000
366,112,5.0,1468368000
18,113,5.0,1461974400
4,113,5.0,1461974400
5,113,5.0,1461974400
5,113,5.0,1461974400
19,113,5.0,1461974400
154,113,5.0,1461974400
107,114,5.0,1387324800
108,114,5.0,1387324800
183,114,5.0,1414281600
8,114,5.0,1414281600
8,114,5.0,1422662400
8,114,5.0,1440374400
367,115,5.0,1447372800
368,115,5.0,1460505600
369,115,5.0,1460505600
370,115,5.0,1460505600
371,115,5.0,1461628800
372,115,5.0,1461628800
2,116,5.0,1392422400
3,116,5.0,1392422400
4,116,5.0,1392422400
5,116,5.0,1392422400
5,116,5.0,1392422400
139,116,5.0,1392422400
373,117,5.0,1454284800
18,117,5.0,1484438400
4,117,5.0,1484438400
5,117,5.0,1484438400
5,117,5.0,1484438400
19,117,5.0,1484438400
374,117,5.0,1485129600
2,118,5.0,1349654400
3,118,5.0,1349654400
5,118,5.0,1349654400
5,118,5.0,1349654400
5,118,5.0,1349654400
5,118,5.0,1349654400
375,119,5.0,1453852800
376,119,5.0,1454976000
377,119,5.0,1457481600
377,119,5.0,1457481600
378,119,5.0,1457481600
379,119,5.0,1461888000
2,120,5.0,1423785600
3,120,5.0,1423785600
4,120,5.0,1423785600
5,120,5.0,1423785600
5,120,5.0,1423785600
57,120,5.0,1423785600
18,121,5.0,1443916800
4,121,5.0,1443916800
5,121,5.0,1443916800
5,121,5.0,1443916800
19,121,5.0,1443916800
75,121,5.0,1443916800
2,122,5.0,1419379200
3,122,5.0,1419379200
4,122,5.0,1419379200
5,122,5.0,1419379200
5,122,5.0,1419379200
57,122,5.0,1419379200
18,123,5.0,1498608000
4,123,5.0,1498608000
5,123,5.0,1498608000
5,123,5.0,1498608000
19,123,5.0,1498608000
380,123,5.0,1498608000
381,124,5.0,1348790400
382,124,4.0,1376265600
383,124,4.0,1386806400
384,124,4.0,1399248000
385,124,4.0,1400544000
386,124,4.0,1406332800
387,124,3.0,1410048000
129,124,5.0,1500422400
18,125,5.0,1439596800
4,125,5.0,1439596800
5,125,5.0,1439596800
5,125,5.0,1439596800
19,125,5.0,1439596800
154,125,5.0,1439596800
18,126,5.0,1406764800
4,126,5.0,1406764800
5,126,5.0,1406764800
5,126,5.0,1406764800
19,126,5.0,1406764800
388,126,5.0,1406764800
2,127,5.0,1414972800
3,127,5.0,1414972800
4,127,5.0,1414972800
5,127,5.0,1414972800
5,127,5.0,1414972800
389,127,5.0,1414972800
18,128,5.0,1478044800
4,128,5.0,1478044800
5,128,5.0,1478044800
5,128,5.0,1478044800
19,128,5.0,1478044800
390,128,5.0,1478044800
391,129,5.0,1465430400
391,129,5.0,1465430400
392,129,5.0,1477958400
393,129,5.0,1478044800
394,129,5.0,1478044800
395,129,5.0,1478044800
396,129,5.0,1505520000
18,130,5.0,1477094400
4,130,5.0,1477094400
5,130,5.0,1477094400
5,130,5.0,1477094400
19,130,5.0,1477094400
397,130,5.0,1477094400
195,131,5.0,1365206400
82,131,3.0,1365292800
82,131,3.0,1365292800
198,131,4.0,1365379200
398,131,5.0,1385596800
362,131,5.0,1386115200
15,131,5.0,1409011200
137,131,5.0,1432080000
400,131,5.0,1439164800
401,131,5.0,1439769600
402,131,5.0,1465344000
403,131,5.0,1468454400
220,131,5.0,1470787200
221,131,5.0,1470787200
8,131,5.0,1504742400
91,131,2.0,1507507200
91,131,2.0,1507507200
18,132,5.0,1433462400
4,132,5.0,1433462400
5,132,5.0,1433462400
5,132,5.0,1433462400
19,132,5.0,1433462400
268,132,5.0,1433462400
404,133,4.0,1413072000
18,133,4.0,1469404800
4,133,4.0,1469404800
5,133,4.0,1469404800
5,133,4.0,1469404800
19,133,4.0,1469404800
154,133,4.0,1469404800
18,134,5.0,1453507200
4,134,5.0,1453507200
5,134,5.0,1453507200
5,134,5.0,1453507200
19,134,5.0,1453507200
405,134,5.0,1453507200
26,135,5.0,1382832000
25,135,4.0,1407801600
25,135,4.0,1407801600
26,135,4.0,1407801600
406,135,4.0,1410998400
407,135,5.0,1425340800
408,136,5.0,1456099200
409,136,1.0,1456272000
349,136,4.0,1457049600
299,136,4.0,1457049600
410,136,4.0,1459728000
411,136,5.0,1459900800
412,136,4.0,1461024000
413,136,5.0,1462320000
414,136,5.0,1463011200
415,136,5.0,1463011200
416,136,5.0,1469836800
417,136,5.0,1469836800
418,136,5.0,1473120000
2,137,5.0,1387497600
3,137,5.0,1387497600
4,137,5.0,1387497600
5,137,5.0,1387497600
5,137,5.0,1387497600
139,137,5.0,1387497600
2,138,5.0,1344384000
3,138,5.0,1344384000
5,138,5.0,1344384000
5,138,5.0,1344384000
5,138,5.0,1344384000
5,138,5.0,1344384000
18,139,5.0,1440892800
4,139,5.0,1440892800
5,139,5.0,1440892800
5,139,5.0,1440892800
19,139,5.0,1440892800
419,139,5.0,1440892800
18,140,5.0,1453593600
4,140,5.0,1453593600
5,140,5.0,1453593600
5,140,5.0,1453593600
19,140,5.0,1453593600
420,140,5.0,1453593600
421,141,5.0,1221091200
198,141,3.0,1365292800
82,141,3.0,1365552000
149,141,2.0,1412553600
137,141,4.0,1432166400
8,141,5.0,1524873600
8,142,4.0,1365897600
8,142,5.0,1365984000
8,142,5.0,1370649600
69,142,2.0,1370908800
422,142,5.0,1370908800
423,142,5.0,1370908800
424,142,1.0,1470355200
425,142,1.0,1470355200
426,143,3.0,1424390400
8,143,4.0,1504569600
91,143,2.0,1505520000
91,143,2.0,1505520000
11,143,3.0,1506988800
8,143,4.0,1506988800
12,143,3.0,1506988800
18,144,5.0,1403568000
4,144,5.0,1403568000
5,144,5.0,1403568000
5,144,5.0,1403568000
19,144,5.0,1403568000
113,144,5.0,1403568000
18,145,5.0,1463270400
4,145,5.0,1463270400
5,145,5.0,1463270400
5,145,5.0,1463270400
19,145,5.0,1463270400
427,145,5.0,1463270400
428,146,5.0,1360886400
2,146,5.0,1361750400
3,146,5.0,1361750400
4,146,5.0,1361750400
5,146,5.0,1361750400
5,146,5.0,1361750400
2,146,5.0,1363651200
3,146,5.0,1363651200
4,146,5.0,1363651200
5,146,5.0,1363651200
5,146,5.0,1363651200
429,146,5.0,1401840000
430,146,5.0,1410307200
431,146,5.0,1452297600
176,147,3.0,1448064000
432,147,4.0,1450915200
263,147,5.0,1451865600
433,147,4.0,1453680000
400,147,4.0,1456012800
434,147,5.0,1458691200
435,147,5.0,1462579200
381,148,5.0,1367452800
436,148,4.0,1378339200
437,148,4.0,1378339200
438,148,5.0,1405641600
439,148,5.0,1422748800
440,148,5.0,1432598400
18,149,5.0,1467590400
4,149,5.0,1467590400
5,149,5.0,1467590400
5,149,5.0,1467590400
19,149,5.0,1467590400
115,149,5.0,1467590400
18,150,5.0,1461628800
4,150,5.0,1461628800
5,150,5.0,1461628800
5,150,5.0,1461628800
19,150,5.0,1461628800
248,150,5.0,1461628800
18,151,5.0,1488067200
4,151,5.0,1488067200
5,151,5.0,1488067200
5,151,5.0,1488067200
19,151,5.0,1488067200
71,151,5.0,1488067200
441,152,5.0,1151539200
442,152,4.0,1363824000
443,152,5.0,1375056000
444,152,1.0,1416441600
364,152,3.0,1431907200
164,152,3.0,1457308800
129,152,3.0,1501977600
129,152,3.0,1506384000
2,153,5.0,1426032000
3,153,5.0,1426032000
4,153,5.0,1426032000
5,153,5.0,1426032000
5,153,5.0,1426032000
445,153,5.0,1426032000
18,154,5.0,1345766400
5,154,5.0,1345766400
5,154,5.0,1345766400
5,154,5.0,1345766400
5,154,5.0,1345766400
19,154,5.0,1345766400
18,155,5.0,1489017600
4,155,5.0,1489017600
5,155,5.0,1489017600
5,155,5.0,1489017600
19,155,5.0,1489017600
20,155,5.0,1489017600
18,156,5.0,1409011200
4,156,5.0,1409011200
5,156,5.0,1409011200
5,156,5.0,1409011200
19,156,5.0,1409011200
249,156,5.0,1409011200
18,157,5.0,1466985600
4,157,5.0,1466985600
5,157,5.0,1466985600
5,157,5.0,1466985600
19,157,5.0,1466985600
446,157,5.0,1466985600
2,158,5.0,1447891200
3,158,5.0,1447891200
4,158,5.0,1447891200
5,158,5.0,1447891200
5,158,5.0,1447891200
447,158,5.0,1447891200
18,159,4.0,1389052800
4,159,4.0,1389052800
5,159,4.0,1389052800
5,159,4.0,1389052800
19,159,4.0,1389052800
448,159,4.0,1389052800
225,160,5.0,1234483200
225,160,4.0,1242345600
449,160,5.0,1247702400
450,160,4.0,1299801600
451,160,5.0,1305158400
452,160,3.0,1380672000
15,160,3.0,1408579200
453,160,3.0,1410912000
454,160,4.0,1430956800
119,160,5.0,1433116800
455,160,5.0,1441843200
456,160,5.0,1441843200
457,160,4.0,1459814400
458,160,5.0,1460246400
220,160,4.0,1470528000
221,160,4.0,1470528000
202,160,4.0,1487030400
8,160,5.0,1504224000
8,160,5.0,1504224000
130,160,4.0,1504569600
8,160,4.0,1506988800
2,161,5.0,1377734400
3,161,5.0,1377734400
4,161,5.0,1377734400
5,161,5.0,1377734400
5,161,5.0,1377734400
459,161,5.0,1377734400
2,162,5.0,1485043200
3,162,5.0,1485043200
4,162,5.0,1485043200
5,162,5.0,1485043200
5,162,5.0,1485043200
74,162,5.0,1485043200
18,163,5.0,1466208000
4,163,5.0,1466208000
5,163,5.0,1466208000
5,163,5.0,1466208000
19,163,5.0,1466208000
388,163,5.0,1466208000
2,164,5.0,1250726400
3,164,5.0,1250726400
5,164,5.0,1250726400
5,164,5.0,1250726400
5,164,5.0,1250726400
5,164,5.0,1250726400
460,165,2.0,1457136000
461,165,5.0,1458259200
462,165,5.0,1458864000
463,165,4.0,1483315200
464,165,1.0,1495843200
465,165,5.0,1502409600
2,166,5.0,1468800000
3,166,5.0,1468800000
4,166,5.0,1468800000
5,166,5.0,1468800000
5,166,5.0,1468800000
466,166,5.0,1468800000
18,167,5.0,1481155200
4,167,5.0,1481155200
5,167,5.0,1481155200
5,167,5.0,1481155200
19,167,5.0,1481155200
467,167,5.0,1481155200
18,168,4.0,1421020800
4,168,4.0,1421020800
5,168,4.0,1421020800
5,168,4.0,1421020800
19,168,4.0,1421020800
468,168,4.0,1421020800
18,169,5.0,1445644800
4,169,5.0,1445644800
5,169,5.0,1445644800
5,169,5.0,1445644800
19,169,5.0,1445644800
380,169,5.0,1445644800
18,170,5.0,1273968000
469,170,5.0,1273968000
5,170,5.0,1273968000
5,170,5.0,1273968000
19,170,5.0,1273968000
469,170,5.0,1311984000
2,171,5.0,1479600000
3,171,5.0,1479600000
4,171,5.0,1479600000
5,171,5.0,1479600000
5,171,5.0,1479600000
230,171,5.0,1479600000
2,172,5.0,1512432000
3,172,5.0,1512432000
4,172,5.0,1512432000
5,172,5.0,1512432000
5,172,5.0,1512432000
44,172,5.0,1512432000
198,173,3.0,1364428800
149,173,3.0,1411430400
470,173,5.0,1424217600
220,173,4.0,1473033600
221,173,4.0,1473033600
202,173,4.0,1486684800
91,173,4.0,1504310400
91,173,4.0,1504310400
2,174,5.0,1483228800
3,174,5.0,1483228800
4,174,5.0,1483228800
5,174,5.0,1483228800
5,174,5.0,1483228800
445,174,5.0,1483228800
2,175,5.0,1377475200
3,175,5.0,1377475200
4,175,5.0,1377475200
5,175,5.0,1377475200
5,175,5.0,1377475200
471,175,5.0,1470614400
18,176,4.0,1468886400
4,176,4.0,1468886400
5,176,4.0,1468886400
5,176,4.0,1468886400
19,176,4.0,1468886400
472,176,4.0,1468886400
107,177,5.0,1176595200
108,177,5.0,1176595200
473,177,5.0,1332633600
225,177,5.0,1353628800
198,177,2.0,1364688000
398,177,5.0,1383436800
474,177,5.0,1490054400
8,177,5.0,1503705600
130,177,5.0,1504310400
18,178,5.0,1453852800
4,178,5.0,1453852800
5,178,5.0,1453852800
5,178,5.0,1453852800
19,178,5.0,1453852800
475,178,5.0,1453852800
436,179,5.0,1456444800
437,179,5.0,1456444800
476,179,5.0,1497744000
477,179,5.0,1497744000
478,179,5.0,1497744000
479,179,5.0,1497916800
480,180,5.0,1417737600
481,180,5.0,1417737600
482,180,5.0,1418947200
483,180,5.0,1418947200
484,180,5.0,1421107200
485,180,5.0,1427673600
486,180,5.0,1427673600
487,181,3.0,1337212800
488,181,5.0,1466553600
489,181,1.0,1474243200
490,181,1.0,1479600000
491,181,2.0,1504656000
492,181,5.0,1508889600
493,181,5.0,1512345600
494,182,3.0,1446940800
202,182,4.0,1486684800
8,182,5.0,1504137600
8,182,5.0,1504137600
91,182,4.0,1504569600
91,182,4.0,1504569600
2,183,5.0,1410393600
3,183,5.0,1410393600
4,183,5.0,1410393600
5,183,5.0,1410393600
5,183,5.0,1410393600
57,183,5.0,1410393600
2,184,5.0,1389830400
3,184,5.0,1389830400
4,184,5.0,1389830400
5,184,5.0,1389830400
5,184,5.0,1389830400
445,184,5.0,1389830400
495,185,5.0,1463875200
496,185,5.0,1463875200
497,185,5.0,1466121600
498,185,5.0,1466121600
499,185,5.0,1468800000
295,185,5.0,1470528000
500,185,5.0,1470528000
501,185,5.0,1490832000
18,186,5.0,1472169600
4,186,5.0,1472169600
5,186,5.0,1472169600
5,186,5.0,1472169600
19,186,5.0,1472169600
84,186,5.0,1472169600
502,187,5.0,1310169600
503,187,3.0,1323734400
503,187,3.0,1323734400
4,187,5.0,1471305600
5,187,5.0,1471305600
5,187,5.0,1471305600
504,187,5.0,1471305600
2,188,5.0,1438905600
3,188,5.0,1438905600
4,188,5.0,1438905600
5,188,5.0,1438905600
5,188,5.0,1438905600
505,188,5.0,1438905600
18,189,4.0,1468454400
4,189,4.0,1468454400
5,189,4.0,1468454400
5,189,4.0,1468454400
19,189,4.0,1468454400
506,189,4.0,1468454400
18,190,5.0,1473724800
4,190,5.0,1473724800
5,190,5.0,1473724800
5,190,5.0,1473724800
19,190,5.0,1473724800
115,190,5.0,1473724800
2,191,5.0,1419811200
3,191,5.0,1419811200
4,191,5.0,1419811200
5,191,5.0,1419811200
5,191,5.0,1419811200
507,191,5.0,1419811200
126,192,5.0,1433376000
508,192,5.0,1436054400
509,192,5.0,1439078400
88,192,5.0,1445040000
510,192,4.0,1453075200
511,192,5.0,1454112000
512,193,5.0,1446940800
174,193,5.0,1447027200
513,193,5.0,1447372800
514,193,5.0,1457481600
515,193,5.0,1459987200
516,193,5.0,1459987200
517,193,5.0,1471824000
2,194,5.0,1471219200
3,194,5.0,1471219200
4,194,5.0,1471219200
5,194,5.0,1471219200
5,194,5.0,1471219200
447,194,5.0,1471219200
256,195,5.0,1095724800
256,195,5.0,1119916800
518,195,5.0,1156291200
519,195,5.0,1169337600
520,195,4.0,1464912000
521,195,5.0,1467849600
522,195,5.0,1506038400
523,195,5.0,1508284800
523,195,5.0,1508284800
524,196,5.0,1500422400
2,196,1.0,1522195200
3,196,1.0,1522195200
4,196,1.0,1522195200
5,196,1.0,1522195200
5,196,1.0,1522195200
18,197,5.0,1520294400
4,197,5.0,1520294400
5,197,5.0,1520294400
5,197,5.0,1520294400
19,197,5.0,1520294400
84,197,5.0,1520294400
2,198,5.0,1464912000
3,198,5.0,1464912000
4,198,5.0,1464912000
5,198,5.0,1464912000
5,198,5.0,1464912000
135,198,5.0,1464912000
525,199,5.0,1427932800
2,199,5.0,1442620800
3,199,5.0,1442620800
4,199,5.0,1442620800
5,199,5.0,1442620800
5,199,5.0,1442620800
526,199,5.0,1442620800
527,200,5.0,1444780800
528,200,5.0,1459555200
529,200,5.0,1460937600
530,200,5.0,1462147200
531,200,5.0,1467244800
532,200,4.0,1508457600
533,200,5.0,1512345600
18,201,5.0,1490486400
4,201,5.0,1490486400
5,201,5.0,1490486400
5,201,5.0,1490486400
19,201,5.0,1490486400
534,201,5.0,1490486400
364,202,5.0,1432252800
11,202,5.0,1504051200
8,202,5.0,1504051200
12,202,5.0,1504051200
91,202,5.0,1504742400
91,202,5.0,1504742400
535,202,3.0,1526428800
18,203,5.0,1457827200
4,203,5.0,1457827200
5,203,5.0,1457827200
5,203,5.0,1457827200
19,203,5.0,1457827200
21,203,5.0,1457827200
18,204,5.0,1447632000
4,204,5.0,1447632000
5,204,5.0,1447632000
5,204,5.0,1447632000
19,204,5.0,1447632000
84,204,5.0,1447632000
536,205,5.0,1377129600
119,205,5.0,1392508800
537,205,5.0,1428105600
538,205,5.0,1460678400
539,205,5.0,1497052800
540,205,5.0,1504656000
541,206,4.0,1226534400
542,206,5.0,1424995200
543,206,4.0,1461888000
544,206,4.0,1464652800
118,206,5.0,1493164800
545,206,3.0,1533081600
546,207,4.0,1426550400
2,207,5.0,1486598400
3,207,5.0,1486598400
4,207,5.0,1486598400
5,207,5.0,1486598400
5,207,5.0,1486598400
74,207,5.0,1486598400
547,208,5.0,1117411200
548,208,4.0,1132617600
549,208,1.0,1198108800
117,208,5.0,1249344000
550,208,2.0,1274745600
551,208,5.0,1285286400
2,209,5.0,1475020800
3,209,5.0,1475020800
4,209,5.0,1475020800
5,209,5.0,1475020800
5,209,5.0,1475020800
447,209,5.0,1475020800
2,210,5.0,1453680000
3,210,5.0,1453680000
4,210,5.0,1453680000
5,210,5.0,1453680000
5,210,5.0,1453680000
526,210,5.0,1453680000
436,211,5.0,1313625600
437,211,5.0,1313625600
552,211,4.0,1313798400
553,211,5.0,1313798400
554,211,5.0,1321228800
555,211,2.0,1322870400
18,212,5.0,1440115200
4,212,5.0,1440115200
5,212,5.0,1440115200
5,212,5.0,1440115200
19,212,5.0,1440115200
556,212,5.0,1440115200
18,213,5.0,1490140800
4,213,5.0,1490140800
5,213,5.0,1490140800
5,213,5.0,1490140800
19,213,5.0,1490140800
115,213,5.0,1490140800
244,214,5.0,1482364800
557,214,5.0,1497312000
351,214,2.0,1499299200
129,214,5.0,1502668800
129,214,5.0,1506384000
91,214,4.0,1507680000
91,214,4.0,1507680000
8,214,5.0,1508112000
558,215,5.0,1302998400
559,215,2.0,1303516800
225,215,5.0,1313193600
560,215,5.0,1349913600
525,215,4.0,1418342400
561,215,4.0,1430870400
562,215,5.0,1459036800
563,215,5.0,1469404800
63,215,5.0,1478736000
2,216,5.0,1297382400
3,216,5.0,1297382400
5,216,5.0,1297382400
5,216,5.0,1297382400
234,216,4.0,1451606400
234,216,4.0,1451606400
18,217,5.0,1506556800
4,217,5.0,1506556800
5,217,5.0,1506556800
5,217,5.0,1506556800
19,217,5.0,1506556800
564,217,5.0,1506556800
18,218,5.0,1437955200
4,218,5.0,1437955200
5,218,5.0,1437955200
5,218,5.0,1437955200
19,218,5.0,1437955200
420,218,5.0,1437955200
18,219,5.0,1456012800
4,219,5.0,1456012800
5,219,5.0,1456012800
565,219,5.0,1456012800
5,219,5.0,1456012800
565,219,5.0,1456012800
566,219,5.0,1456012800
567,220,3.0,1420329600
568,220,5.0,1420329600
569,220,2.0,1424217600
8,220,4.0,1503878400
11,220,2.0,1503964800
12,220,2.0,1503964800
570,220,4.0,1509926400
2,221,5.0,1487203200
3,221,5.0,1487203200
4,221,5.0,1487203200
5,221,5.0,1487203200
5,221,5.0,1487203200
571,221,5.0,1487203200
2,222,5.0,1362096000
3,222,5.0,1362096000
4,222,5.0,1362096000
5,222,5.0,1362096000
5,222,5.0,1362096000
572,222,3.0,1362355200
573,222,3.0,1465862400
2,223,5.0,1428537600
3,223,5.0,1428537600
4,223,5.0,1428537600
5,223,5.0,1428537600
5,223,5.0,1428537600
57,223,5.0,1428537600
18,224,4.0,1452038400
4,224,4.0,1452038400
5,224,4.0,1452038400
5,224,4.0,1452038400
19,224,4.0,1452038400
446,224,4.0,1452038400
25,225,5.0,1353715200
25,225,5.0,1353715200
26,225,5.0,1353715200
25,225,5.0,1437264000
25,225,5.0,1437264000
26,225,5.0,1437264000
574,226,5.0,1466208000
575,226,5.0,1466208000
576,226,5.0,1468540800
577,226,4.0,1471478400
578,226,4.0,1475884800
579,226,4.0,1476403200
580,227,5.0,1466985600
581,227,2.0,1484784000
582,227,5.0,1502409600
583,227,1.0,1510358400
223,227,5.0,1510531200
584,227,3.0,1522800000
455,228,5.0,1424649600
8,228,5.0,1441670400
585,228,4.0,1466121600
11,228,5.0,1506470400
12,228,5.0,1506470400
8,228,5.0,1507161600
2,229,5.0,1492992000
3,229,5.0,1492992000
4,229,5.0,1492992000
5,229,5.0,1492992000
5,229,5.0,1492992000
252,229,5.0,1492992000
18,230,5.0,1472515200
4,230,5.0,1472515200
5,230,5.0,1472515200
5,230,5.0,1472515200
19,230,5.0,1472515200
448,230,5.0,1472515200
18,231,5.0,1407369600
4,231,5.0,1407369600
5,231,5.0,1407369600
5,231,5.0,1407369600
19,231,5.0,1407369600
405,231,5.0,1407369600
18,232,5.0,1498176000
4,232,5.0,1498176000
5,232,5.0,1498176000
5,232,5.0,1498176000
19,232,5.0,1498176000
586,232,5.0,1498176000
587,233,5.0,1396137600
480,233,5.0,1396396800
483,233,5.0,1414540800
588,233,4.0,1419292800
484,233,4.0,1423785600
481,233,5.0,1423872000
589,233,4.0,1424476800
590,233,4.0,1432771200
591,233,4.0,1447804800
225,234,5.0,1371081600
592,234,4.0,1391299200
593,234,5.0,1392681600
594,234,3.0,1398643200
587,234,4.0,1414886400
595,234,3.0,1422316800
595,234,3.0,1422316800
596,234,5.0,1422316800
595,234,4.0,1429833600
595,234,4.0,1429833600
597,234,5.0,1434240000
598,234,5.0,1442966400
599,234,5.0,1456790400
600,234,5.0,1457395200
601,234,5.0,1457913600
602,234,5.0,1457913600
603,234,4.0,1461628800
604,234,3.0,1463097600
605,234,5.0,1465430400
606,234,5.0,1468368000
607,234,5.0,1472342400
608,234,5.0,1473984000
609,234,4.0,1474329600
610,234,4.0,1475625600
245,234,4.0,1481068800
611,234,4.0,1485820800
167,234,5.0,1501804800
18,235,5.0,1464652800
4,235,5.0,1464652800
5,235,5.0,1464652800
5,235,5.0,1464652800
19,235,5.0,1464652800
472,235,5.0,1464652800
612,236,5.0,1470182400
613,236,5.0,1471392000
614,236,3.0,1471392000
615,236,3.0,1471392000
616,236,5.0,1485734400
617,236,3.0,1486425600
618,236,1.0,1486425600
498,236,3.0,1486425600
266,236,3.0,1486425600
619,237,5.0,1460505600
620,237,5.0,1462060800
621,237,5.0,1465862400
622,237,5.0,1472688000
623,237,5.0,1473206400
624,237,5.0,1494633600
2,238,5.0,1347840000
3,238,5.0,1347840000
5,238,5.0,1347840000
5,238,5.0,1347840000
5,238,5.0,1347840000
5,238,5.0,1347840000
625,239,5.0,1462838400
2,239,5.0,1470355200
3,239,5.0,1470355200
4,239,5.0,1470355200
5,239,5.0,1470355200
5,239,5.0,1470355200
626,239,5.0,1510617600
627,240,1.0,1356480000
627,240,1.0,1356480000
18,240,5.0,1407542400
4,240,5.0,1407542400
5,240,5.0,1407542400
5,240,5.0,1407542400
19,240,5.0,1407542400
18,241,5.0,1465516800
4,241,5.0,1465516800
5,241,5.0,1465516800
5,241,5.0,1465516800
19,241,5.0,1465516800
154,241,5.0,1465516800
18,242,5.0,1517356800
4,242,5.0,1517356800
5,242,5.0,1517356800
5,242,5.0,1517356800
19,242,5.0,1517356800
84,242,5.0,1517356800
2,243,5.0,1416787200
3,243,5.0,1416787200
4,243,5.0,1416787200
5,243,5.0,1416787200
5,243,5.0,1416787200
628,243,5.0,1416787200
629,244,5.0,1416268800
18,244,5.0,1428364800
4,244,5.0,1428364800
5,244,5.0,1428364800
5,244,5.0,1428364800
19,244,5.0,1428364800
630,245,5.0,1466640000
270,245,5.0,1488931200
631,245,5.0,1493164800
632,245,5.0,1497398400
633,245,5.0,1497916800
634,245,5.0,1498867200
635,245,5.0,1500595200
63,245,5.0,1500595200
2,246,5.0,1241308800
3,246,5.0,1241308800
5,246,5.0,1241308800
5,246,5.0,1241308800
636,246,2.0,1241308800
637,246,2.0,1241308800
2,247,5.0,1456099200
3,247,5.0,1456099200
4,247,5.0,1456099200
5,247,5.0,1456099200
5,247,5.0,1456099200
526,247,5.0,1456099200
107,248,5.0,1196467200
108,248,5.0,1196467200
198,248,5.0,1368316800
82,248,3.0,1368403200
638,248,5.0,1380758400
607,248,5.0,1382832000
470,248,5.0,1422403200
122,248,5.0,1445644800
639,248,5.0,1451952000
640,248,5.0,1455926400
641,248,4.0,1456963200
642,248,4.0,1458086400
643,249,5.0,1333670400
644,249,4.0,1333670400
645,249,4.0,1359936000
646,249,5.0,1363824000
351,249,4.0,1365724800
376,249,3.0,1365724800
647,249,3.0,1414886400
648,249,4.0,1451606400
535,249,5.0,1473033600
18,250,5.0,1495152000
4,250,5.0,1495152000
5,250,5.0,1495152000
5,250,5.0,1495152000
19,250,5.0,1495152000
506,250,5.0,1495152000
649,251,5.0,1405036800
436,251,5.0,1407110400
437,251,5.0,1407110400
650,251,1.0,1418601600
651,251,5.0,1465862400
652,251,5.0,1477958400
18,252,5.0,1428710400
4,252,5.0,1428710400
5,252,5.0,1428710400
5,252,5.0,1428710400
19,252,5.0,1428710400
653,252,5.0,1428710400
2,253,5.0,1484611200
3,253,5.0,1484611200
4,253,5.0,1484611200
5,253,5.0,1484611200
5,253,5.0,1484611200
654,253,5.0,1484611200
18,254,5.0,1389398400
4,254,5.0,1389398400
5,254,5.0,1389398400
5,254,5.0,1389398400
19,254,5.0,1389398400
249,254,5.0,1389398400
655,255,3.0,1436572800
656,255,5.0,1465257600
18,255,5.0,1482969600
4,255,5.0,1482969600
5,255,5.0,1482969600
5,255,5.0,1482969600
19,255,5.0,1482969600
657,255,3.0,1484870400
2,256,5.0,1432166400
3,256,5.0,1432166400
4,256,5.0,1432166400
5,256,5.0,1432166400
5,256,5.0,1432166400
139,256,5.0,1432166400
18,257,5.0,1462492800
4,257,5.0,1462492800
5,257,5.0,1462492800
5,257,5.0,1462492800
19,257,5.0,1462492800
320,257,5.0,1462492800
46,258,1.0,1459123200
658,258,1.0,1459123200
659,258,5.0,1459123200
45,258,1.0,1459123200
660,258,5.0,1459123200
661,258,3.0,1459123200
662,259,2.0,1463443200
562,259,2.0,1463443200
663,259,3.0,1463443200
664,259,2.0,1463443200
665,259,2.0,1463443200
666,259,3.0,1463443200
667,259,2.0,1463443200
2,260,5.0,1397433600
3,260,5.0,1397433600
4,260,5.0,1397433600
5,260,5.0,1397433600
5,260,5.0,1397433600
63,260,4.0,1462147200
2,261,5.0,1468454400
3,261,5.0,1468454400
4,261,5.0,1468454400
5,261,5.0,1468454400
5,261,5.0,1468454400
571,261,5.0,1468454400
668,262,2.0,1365984000
122,262,1.0,1386633600
362,262,4.0,1386633600
398,262,4.0,1386633600
436,262,5.0,1388966400
437,262,5.0,1388966400
14,262,2.0,1394409600
381,262,2.0,1400889600
669,262,5.0,1418601600
670,262,3.0,1430611200
521,262,5.0,1468713600
8,262,5.0,1504396800
2,263,5.0,1422403200
3,263,5.0,1422403200
4,263,5.0,1422403200
5,263,5.0,1422403200
5,263,5.0,1422403200
389,263,5.0,1422403200
671,263,5.0,1422403200
98,264,5.0,1460678400
102,264,5.0,1461801600
99,264,5.0,1461888000
100,264,5.0,1461888000
101,264,5.0,1461888000
103,264,5.0,1461888000
14,265,2.0,1394841600
15,265,4.0,1407801600
149,265,3.0,1412467200
122,265,4.0,1443830400
8,265,5.0,1503878400
130,265,3.0,1504483200
129,265,5.0,1505779200
2,266,5.0,1346803200
3,266,5.0,1346803200
5,266,5.0,1346803200
5,266,5.0,1346803200
5,266,5.0,1346803200
5,266,5.0,1346803200
8,267,5.0,1503705600
11,267,5.0,1504483200
12,267,5.0,1504483200
8,267,5.0,1505952000
8,267,5.0,1506470400
8,267,5.0,1506470400
18,268,5.0,1452988800
4,268,5.0,1452988800
5,268,5.0,1452988800
5,268,5.0,1452988800
19,268,5.0,1452988800
534,268,5.0,1452988800
672,269,3.0,1299024000
673,269,5.0,1338508800
674,269,5.0,1359072000
319,269,4.0,1412726400
675,269,5.0,1486425600
11,269,5.0,1506988800
12,269,5.0,1506988800
18,270,5.0,1421193600
4,270,5.0,1421193600
5,270,5.0,1421193600
5,270,5.0,1421193600
19,270,5.0,1421193600
194,270,5.0,1421193600
18,271,4.0,1496275200
4,271,4.0,1496275200
5,271,4.0,1496275200
5,271,4.0,1496275200
19,271,4.0,1496275200
154,271,4.0,1496275200
2,272,5.0,1491955200
3,272,5.0,1491955200
4,272,5.0,1491955200
5,272,5.0,1491955200
5,272,5.0,1491955200
676,272,5.0,1491955200
677,273,5.0,1458691200
678,273,5.0,1461628800
679,273,5.0,1461974400
680,273,5.0,1461974400
681,273,5.0,1472515200
683,274,5.0,1416182400
684,274,5.0,1416182400
685,274,5.0,1424908800
686,274,5.0,1459296000
687,274,5.0,1461024000
617,274,5.0,1469923200
688,274,5.0,1469923200
107,275,5.0,1420329600
108,275,5.0,1420329600
8,275,5.0,1504224000
8,275,5.0,1504224000
91,275,5.0,1505520000
91,275,5.0,1505520000
18,276,5.0,1420329600
4,276,5.0,1420329600
5,276,5.0,1420329600
5,276,5.0,1420329600
19,276,5.0,1420329600
689,276,5.0,1420329600
690,277,5.0,1367539200
691,277,5.0,1470182400
692,277,5.0,1472169600
693,277,3.0,1472601600
694,277,5.0,1478217600
695,277,5.0,1508630400
18,278,5.0,1443139200
4,278,5.0,1443139200
5,278,5.0,1443139200
5,278,5.0,1443139200
19,278,5.0,1443139200
696,278,5.0,1443139200
697,279,5.0,1233878400
551,279,4.0,1284336000
137,279,5.0,1428624000
698,279,1.0,1453507200
202,279,4.0,1486944000
8,279,4.0,1503878400
91,279,3.0,1504742400
91,279,3.0,1504742400
2,280,5.0,1461888000
3,280,5.0,1461888000
4,280,5.0,1461888000
5,280,5.0,1461888000
5,280,5.0,1461888000
44,280,5.0,1461888000
18,281,5.0,1460332800
4,281,5.0,1460332800
5,281,5.0,1460332800
5,281,5.0,1460332800
19,281,5.0,1460332800
113,281,5.0,1460332800
15,282,5.0,1408060800
699,282,5.0,1461628800
91,282,5.0,1505001600
91,282,5.0,1505001600
12,282,5.0,1522713600
11,282,5.0,1522713600
700,283,4.0,1411948800
701,283,5.0,1423440000
702,283,5.0,1427241600
702,283,5.0,1427241600
703,283,5.0,1433721600
558,283,5.0,1438041600
704,283,5.0,1439942400
705,283,5.0,1448841600
706,283,5.0,1455580800
707,283,5.0,1457654400
708,283,5.0,1457827200
709,283,4.0,1469404800
18,284,5.0,1476144000
4,284,5.0,1476144000
5,284,5.0,1476144000
5,284,5.0,1476144000
19,284,5.0,1476144000
472,284,5.0,1476144000
2,285,5.0,1477958400
3,285,5.0,1477958400
4,285,5.0,1477958400
5,285,5.0,1477958400
5,285,5.0,1477958400
44,285,5.0,1477958400
710,286,5.0,1238544000
711,286,4.0,1272412800
14,286,4.0,1395187200
315,286,5.0,1416355200
712,286,4.0,1439078400
713,286,5.0,1446336000
8,286,5.0,1503878400
91,286,4.0,1504224000
91,286,4.0,1504224000
2,287,5.0,1432080000
3,287,5.0,1432080000
4,287,5.0,1432080000
5,287,5.0,1432080000
5,287,5.0,1432080000
56,287,5.0,1432080000
18,288,5.0,1468368000
4,288,5.0,1468368000
5,288,5.0,1468368000
5,288,5.0,1468368000
19,288,5.0,1468368000
154,288,5.0,1468368000
18,289,5.0,1445385600
4,289,5.0,1445385600
5,289,5.0,1445385600
5,289,5.0,1445385600
19,289,5.0,1445385600
689,289,5.0,1445385600
18,290,5.0,1491350400
4,290,5.0,1491350400
5,290,5.0,1491350400
5,290,5.0,1491350400
19,290,5.0,1491350400
84,290,5.0,1491350400
714,291,4.0,1242777600
82,291,3.0,1365465600
82,291,3.0,1365465600
198,291,5.0,1365552000
8,291,5.0,1504137600
8,291,5.0,1504137600
18,292,5.0,1432771200
4,292,5.0,1432771200
5,292,5.0,1432771200
5,292,5.0,1432771200
19,292,5.0,1432771200
231,292,5.0,1432771200
707,293,1.0,1445990400
18,293,5.0,1450828800
4,293,5.0,1450828800
5,293,5.0,1450828800
5,293,5.0,1450828800
19,293,5.0,1450828800
18,294,4.0,1418515200
4,294,4.0,1418515200
5,294,4.0,1418515200
5,294,4.0,1418515200
19,294,4.0,1418515200
475,294,4.0,1418515200
18,295,5.0,1427155200
4,295,5.0,1427155200
5,295,5.0,1427155200
5,295,5.0,1427155200
19,295,5.0,1427155200
231,295,5.0,1427155200
18,296,5.0,1454976000
4,296,5.0,1454976000
5,296,5.0,1454976000
5,296,5.0,1454976000
19,296,5.0,1454976000
419,296,5.0,1454976000
105,297,4.0,1424736000
715,297,4.0,1427500800
716,297,5.0,1432684800
717,297,5.0,1432684800
718,297,5.0,1460419200
719,297,5.0,1477267200
18,298,5.0,1483574400
4,298,5.0,1483574400
5,298,5.0,1483574400
5,298,5.0,1483574400
19,298,5.0,1483574400
320,298,5.0,1483574400
720,299,3.0,1169424000
117,299,4.0,1217289600
714,299,5.0,1249516800
122,299,4.0,1441324800
8,299,5.0,1508630400
91,299,1.0,1526774400
18,300,5.0,1518393600
4,300,5.0,1518393600
5,300,5.0,1518393600
5,300,5.0,1518393600
19,300,5.0,1518393600
307,300,5.0,1518393600
18,301,2.0,1522108800
4,301,2.0,1522108800
5,301,2.0,1522108800
5,301,2.0,1522108800
19,301,2.0,1522108800
506,301,2.0,1522108800
18,302,5.0,1441238400
4,302,5.0,1441238400
5,302,5.0,1441238400
5,302,5.0,1441238400
19,302,5.0,1441238400
380,302,5.0,1441238400
721,303,2.0,1230940800
720,303,5.0,1231027200
117,303,5.0,1258329600
25,303,4.0,1259712000
25,303,4.0,1259712000
26,303,4.0,1259712000
305,304,2.0,1226534400
198,304,4.0,1365292800
722,304,4.0,1382054400
122,304,4.0,1443139200
713,304,5.0,1445990400
8,304,4.0,1505088000
63,304,5.0,1515542400
723,305,3.0,1197676800
724,305,3.0,1197849600
549,305,3.0,1197849600
305,305,3.0,1197849600
725,305,5.0,1276300800
726,305,4.0,1276992000
727,305,3.0,1299369600
728,305,5.0,1424304000
729,306,3.0,1291420800
730,306,5.0,1353456000
63,306,5.0,1419984000
731,306,2.0,1485043200
8,306,5.0,1504310400
8,306,5.0,1504310400
91,306,4.0,1506643200
91,306,4.0,1506643200
2,307,5.0,1249257600
3,307,5.0,1249257600
5,307,5.0,1249257600
5,307,5.0,1249257600
5,307,5.0,1249257600
5,307,5.0,1249257600
732,308,3.0,1282089600
733,308,4.0,1357516800
436,308,4.0,1394236800
578,308,5.0,1394236800
437,308,4.0,1394236800
234,308,5.0,1401494400
234,308,5.0,1401494400
18,309,5.0,1454544000
4,309,5.0,1454544000
5,309,5.0,1454544000
5,309,5.0,1454544000
19,309,5.0,1454544000
556,309,5.0,1454544000
734,310,3.0,1197244800
723,310,2.0,1260576000
549,310,2.0,1274313600
197,310,4.0,1435104000
735,310,4.0,1468195200
735,310,4.0,1468195200
130,310,4.0,1504483200
11,310,2.0,1504828800
12,310,2.0,1504828800
8,310,4.0,1506211200
18,311,5.0,1455148800
4,311,5.0,1455148800
5,311,5.0,1455148800
5,311,5.0,1455148800
19,311,5.0,1455148800
154,311,5.0,1455148800
736,312,5.0,1421452800
737,312,5.0,1428192000
738,312,5.0,1428192000
739,312,3.0,1428192000
740,312,5.0,1432944000
741,312,5.0,1438819200
465,312,5.0,1481328000
18,313,4.0,1474416000
4,313,4.0,1474416000
5,313,4.0,1474416000
5,313,4.0,1474416000
19,313,4.0,1474416000
446,313,4.0,1474416000
742,314,5.0,1451433600
743,314,5.0,1451433600
744,314,5.0,1453248000
745,314,5.0,1454198400
408,314,5.0,1454198400
746,314,5.0,1454198400
747,314,5.0,1454198400
748,314,5.0,1482019200
330,314,5.0,1482019200
749,314,5.0,1482019200
18,315,5.0,1481241600
4,315,5.0,1481241600
5,315,5.0,1481241600
5,315,5.0,1481241600
19,315,5.0,1481241600
115,315,5.0,1481241600
244,316,5.0,1446508800
109,316,1.0,1447372800
735,316,3.0,1468800000
735,316,3.0,1468800000
750,316,5.0,1482192000
751,316,5.0,1511740800
243,317,5.0,1274832000
243,317,5.0,1274832000
752,317,1.0,1288656000
429,317,5.0,1299283200
463,317,2.0,1419552000
753,317,1.0,1495929600
2,318,5.0,1495670400
3,318,5.0,1495670400
4,318,5.0,1495670400
5,318,5.0,1495670400
5,318,5.0,1495670400
360,318,5.0,1495670400
619,319,5.0,1460419200
754,319,5.0,1464134400
755,319,5.0,1467590400
756,319,5.0,1468108800
757,319,5.0,1468281600
758,319,5.0,1468713600
18,320,5.0,1423267200
4,320,5.0,1423267200
5,320,5.0,1423267200
5,320,5.0,1423267200
19,320,5.0,1423267200
231,320,5.0,1423267200
759,320,5.0,1442448000
760,321,5.0,1414800000
470,321,5.0,1418947200
761,321,5.0,1452816000
762,321,5.0,1458432000
763,321,5.0,1459900800
764,321,5.0,1462406400
765,321,5.0,1462579200
766,321,5.0,1479340800
767,322,4.0,1462320000
768,322,5.0,1465948800
561,322,5.0,1466208000
769,322,4.0,1466380800
770,322,3.0,1468368000
771,322,4.0,1469750400
772,322,5.0,1470009600
18,323,5.0,1451347200
4,323,5.0,1451347200
5,323,5.0,1451347200
5,323,5.0,1451347200
19,323,5.0,1451347200
419,323,5.0,1451347200
773,324,5.0,1324684800
201,324,1.0,1443052800
8,324,5.0,1503878400
91,324,3.0,1505520000
91,324,3.0,1505520000
118,324,1.0,1516579200
774,325,5.0,1157846400
220,325,4.0,1470268800
221,325,4.0,1470268800
8,325,5.0,1503964800
11,325,4.0,1504051200
12,325,4.0,1504051200
8,325,5.0,1505952000
535,325,4.0,1526947200
775,326,4.0,1189814400
362,326,5.0,1385424000
149,326,5.0,1410220800
776,326,5.0,1420070400
777,326,5.0,1439856000
713,326,5.0,1447891200
313,326,5.0,1454889600
129,326,5.0,1500768000
130,326,5.0,1504828800
8,326,4.0,1506643200
129,326,5.0,1506643200
18,327,5.0,1489276800
4,327,5.0,1489276800
5,327,5.0,1489276800
5,327,5.0,1489276800
19,327,5.0,1489276800
8,327,1.0,1510012800
18,328,5.0,1461974400
4,328,5.0,1461974400
5,328,5.0,1461974400
5,328,5.0,1461974400
19,328,5.0,1461974400
405,328,5.0,1461974400
2,329,5.0,1330819200
3,329,5.0,1330819200
5,329,5.0,1330819200
778,329,5.0,1330819200
5,329,5.0,1330819200
778,329,5.0,1330819200
11,330,5.0,1504310400
8,330,5.0,1504310400
8,330,5.0,1504310400
12,330,5.0,1504310400
91,330,5.0,1505779200
91,330,5.0,1505779200
779,331,5.0,1438732800
780,331,5.0,1439251200
781,331,5.0,1444089600
294,331,5.0,1445558400
782,331,5.0,1451347200
783,331,5.0,1453852800
345,332,5.0,1429833600
722,332,5.0,1436054400
9,332,5.0,1442880000
9,332,5.0,1442880000
245,332,1.0,1451865600
8,332,5.0,1451865600
107,333,5.0,1338249600
108,333,5.0,1338249600
15,333,4.0,1407628800
784,333,5.0,1408320000
785,333,5.0,1425600000
129,333,5.0,1500508800
8,333,5.0,1504310400
8,333,5.0,1504310400
91,333,4.0,1504742400
91,333,4.0,1504742400
18,334,5.0,1514246400
4,334,5.0,1514246400
5,334,5.0,1514246400
5,334,5.0,1514246400
19,334,5.0,1514246400
696,334,5.0,1514246400
786,335,5.0,1459296000
787,335,5.0,1459296000
788,335,5.0,1459296000
789,335,5.0,1461196800
790,335,5.0,1474156800
791,335,5.0,1475193600
792,335,5.0,1475193600
793,335,5.0,1475712000
794,335,5.0,1475712000
795,335,5.0,1475712000
796,336,5.0,1249689600
8,336,5.0,1504051200
91,336,4.0,1504396800
91,336,4.0,1504396800
11,336,4.0,1505001600
12,336,4.0,1505001600
18,337,5.0,1497657600
4,337,5.0,1497657600
5,337,5.0,1497657600
5,337,5.0,1497657600
19,337,5.0,1497657600
468,337,5.0,1497657600
18,338,5.0,1414454400
4,338,5.0,1414454400
5,338,5.0,1414454400
5,338,5.0,1414454400
19,338,5.0,1414454400
797,338,3.0,1414972800
798,338,4.0,1444348800
798,338,4.0,1444348800
798,338,1.0,1473897600
799,338,1.0,1487808000
18,339,5.0,1428969600
4,339,5.0,1428969600
5,339,5.0,1428969600
5,339,5.0,1428969600
19,339,5.0,1428969600
248,339,5.0,1428969600
800,339,4.0,1462838400
801,339,1.0,1462838400
18,340,5.0,1435622400
4,340,5.0,1435622400
5,340,5.0,1435622400
5,340,5.0,1435622400
19,340,5.0,1435622400
556,340,5.0,1435622400
18,341,5.0,1490227200
4,341,5.0,1490227200
5,341,5.0,1490227200
5,341,5.0,1490227200
19,341,5.0,1490227200
689,341,5.0,1490227200
18,342,5.0,1388534400
4,342,5.0,1388534400
5,342,5.0,1388534400
5,342,5.0,1388534400
254,342,5.0,1405987200
255,342,5.0,1405987200
18,343,5.0,1360281600
4,343,5.0,1360281600
5,343,5.0,1360281600
5,343,5.0,1360281600
19,343,5.0,1360281600
138,343,5.0,1360281600
18,344,5.0,1391472000
4,344,5.0,1391472000
5,344,5.0,1391472000
5,344,5.0,1391472000
19,344,5.0,1391472000
405,344,5.0,1391472000
802,344,5.0,1419897600
18,345,5.0,1469059200
4,345,5.0,1469059200
5,345,5.0,1469059200
5,345,5.0,1469059200
19,345,5.0,1469059200
397,345,5.0,1469059200
803,346,5.0,1425945600
804,346,5.0,1441065600
283,346,5.0,1441065600
805,346,5.0,1458864000
806,346,5.0,1458864000
807,346,5.0,1458864000
2,347,5.0,1391731200
3,347,5.0,1391731200
4,347,5.0,1391731200
5,347,5.0,1391731200
5,347,5.0,1391731200
459,347,5.0,1391731200
2,348,5.0,1407283200
3,348,5.0,1407283200
4,348,5.0,1407283200
5,348,5.0,1407283200
5,348,5.0,1407283200
808,348,5.0,1407283200
2,349,5.0,1435363200
3,349,5.0,1435363200
4,349,5.0,1435363200
5,349,5.0,1435363200
5,349,5.0,1435363200
73,349,5.0,1435363200
809,350,5.0,1437264000
810,350,2.0,1452211200
811,350,4.0,1452816000
812,350,3.0,1453161600
813,350,5.0,1477094400
63,350,5.0,1509321600
245,350,4.0,1520208000
18,351,5.0,1479081600
4,351,5.0,1479081600
5,351,5.0,1479081600
5,351,5.0,1479081600
19,351,5.0,1479081600
506,351,5.0,1479081600
18,352,5.0,1424390400
4,352,5.0,1424390400
5,352,5.0,1424390400
5,352,5.0,1424390400
19,352,5.0,1424390400
20,352,5.0,1424390400
14,353,4.0,1396396800
8,353,5.0,1504137600
8,353,5.0,1504137600
11,353,3.0,1504742400
12,353,3.0,1504742400
91,353,5.0,1505088000
91,353,5.0,1505088000
8,353,5.0,1507507200
18,354,5.0,1457222400
4,354,5.0,1457222400
5,354,5.0,1457222400
5,354,5.0,1457222400
19,354,5.0,1457222400
154,354,5.0,1457222400
2,355,5.0,1390089600
3,355,5.0,1390089600
4,355,5.0,1390089600
5,355,5.0,1390089600
5,355,5.0,1390089600
676,355,5.0,1390089600
18,356,5.0,1456358400
4,356,5.0,1456358400
5,356,5.0,1456358400
5,356,5.0,1456358400
19,356,5.0,1456358400
21,356,5.0,1456358400
814,357,5.0,1475107200
815,357,5.0,1475107200
816,357,5.0,1475107200
817,357,5.0,1475107200
329,357,3.0,1476403200
235,357,5.0,1498003200
114,358,5.0,1496361600
18,358,5.0,1499731200
4,358,5.0,1499731200
5,358,5.0,1499731200
5,358,5.0,1499731200
19,358,5.0,1499731200
818,358,5.0,1499731200
18,359,4.0,1434758400
4,359,4.0,1434758400
5,359,4.0,1434758400
5,359,4.0,1434758400
19,359,4.0,1434758400
84,359,4.0,1434758400
2,360,5.0,1506556800
3,360,5.0,1506556800
4,360,5.0,1506556800
5,360,5.0,1506556800
5,360,5.0,1506556800
230,360,5.0,1506556800
107,361,4.0,1386547200
108,361,4.0,1386547200
819,361,5.0,1440979200
820,361,5.0,1494374400
820,361,5.0,1494374400
821,361,5.0,1494374400
18,362,5.0,1479081600
4,362,5.0,1479081600
5,362,5.0,1479081600
5,362,5.0,1479081600
19,362,5.0,1479081600
822,362,5.0,1479081600
823,363,5.0,1249862400
824,363,5.0,1327708800
25,363,3.0,1338076800
25,363,3.0,1338076800
26,363,3.0,1338076800
195,363,5.0,1360540800
18,364,5.0,1488672000
4,364,5.0,1488672000
5,364,5.0,1488672000
5,364,5.0,1488672000
19,364,5.0,1488672000
825,364,5.0,1488672000
424,365,5.0,1448755200
826,365,5.0,1450915200
827,365,5.0,1451001600
828,365,4.0,1452038400
829,365,3.0,1467849600
440,365,5.0,1468972800
830,365,5.0,1485216000
831,365,3.0,1485216000
832,365,5.0,1485216000
833,365,4.0,1501200000
834,365,4.0,1501200000
18,366,5.0,1432512000
4,366,5.0,1432512000
5,366,5.0,1432512000
5,366,5.0,1432512000
19,366,5.0,1432512000
556,366,5.0,1432512000
2,367,5.0,1388880000
2,367,5.0,1388880000
3,367,5.0,1388880000
3,367,5.0,1388880000
4,367,5.0,1388880000
4,367,5.0,1388880000
5,367,5.0,1388880000
5,367,5.0,1388880000
5,367,5.0,1388880000
5,367,5.0,1388880000
835,368,4.0,1439337600
836,368,5.0,1442275200
176,368,5.0,1448236800
837,368,5.0,1455667200
838,368,4.0,1455840000
839,368,5.0,1462924800
18,369,5.0,1458086400
4,369,5.0,1458086400
5,369,5.0,1458086400
5,369,5.0,1458086400
19,369,5.0,1458086400
154,369,5.0,1458086400
18,370,5.0,1476662400
4,370,5.0,1476662400
5,370,5.0,1476662400
5,370,5.0,1476662400
19,370,5.0,1476662400
818,370,5.0,1476662400
840,371,5.0,1435622400
841,371,5.0,1437264000
842,371,5.0,1437264000
843,371,5.0,1437264000
844,371,5.0,1440201600
845,371,5.0,1443484800
846,371,5.0,1443484800
847,371,5.0,1443484800
848,371,5.0,1443484800
849,371,5.0,1443484800
850,371,5.0,1452988800
851,371,4.0,1452988800
852,371,5.0,1505347200
853,372,5.0,1436313600
854,372,5.0,1436313600
855,372,3.0,1439510400
856,372,3.0,1456099200
530,372,5.0,1464220800
857,372,4.0,1467936000
858,372,5.0,1476921600
18,373,5.0,1477353600
4,373,5.0,1477353600
5,373,5.0,1477353600
5,373,5.0,1477353600
19,373,5.0,1477353600
859,373,5.0,1477353600
18,374,5.0,1429920000
4,374,5.0,1429920000
5,374,5.0,1429920000
5,374,5.0,1429920000
19,374,5.0,1429920000
248,374,5.0,1429920000
18,375,5.0,1456876800
4,375,5.0,1456876800
5,375,5.0,1456876800
5,375,5.0,1456876800
19,375,5.0,1456876800
21,375,5.0,1456876800
18,376,5.0,1425340800
4,376,5.0,1425340800
5,376,5.0,1425340800
5,376,5.0,1425340800
19,376,5.0,1425340800
194,376,5.0,1425340800
45,377,5.0,1428278400
860,377,5.0,1428278400
861,377,5.0,1428278400
47,377,5.0,1428278400
862,377,5.0,1428278400
126,377,5.0,1455753600
863,377,5.0,1455753600
2,378,5.0,1362873600
3,378,5.0,1362873600
4,378,5.0,1362873600
5,378,5.0,1362873600
5,378,5.0,1362873600
466,378,5.0,1362873600
2,379,5.0,1455321600
3,379,5.0,1455321600
4,379,5.0,1455321600
5,379,5.0,1455321600
5,379,5.0,1455321600
864,379,5.0,1489104000
668,380,3.0,1393200000
18,380,5.0,1403308800
4,380,5.0,1403308800
5,380,5.0,1403308800
5,380,5.0,1403308800
19,380,5.0,1403308800
18,381,5.0,1485993600
4,381,5.0,1485993600
5,381,5.0,1485993600
5,381,5.0,1485993600
19,381,5.0,1485993600
380,381,5.0,1485993600
865,382,5.0,1403049600
866,382,5.0,1409270400
196,382,5.0,1414108800
216,382,4.0,1450656000
129,382,2.0,1500854400
8,382,5.0,1503964800
198,383,3.0,1365120000
82,383,3.0,1365120000
14,383,5.0,1393632000
83,383,4.0,1402963200
867,383,5.0,1424390400
11,383,5.0,1504569600
12,383,5.0,1504569600
8,383,5.0,1530316800
868,384,5.0,1348790400
2,384,5.0,1395100800
3,384,5.0,1395100800
4,384,5.0,1395100800
5,384,5.0,1395100800
5,384,5.0,1395100800
11,385,4.0,1504396800
8,385,5.0,1504396800
12,385,4.0,1504396800
91,385,4.0,1504569600
91,385,4.0,1504569600
8,385,5.0,1506556800
18,386,5.0,1428278400
4,386,5.0,1428278400
5,386,5.0,1428278400
5,386,5.0,1428278400
19,386,5.0,1428278400
475,386,5.0,1428278400
18,387,5.0,1458000000
4,387,5.0,1458000000
5,387,5.0,1458000000
5,387,5.0,1458000000
19,387,5.0,1458000000
154,387,5.0,1458000000
18,388,5.0,1425081600
4,388,5.0,1425081600
5,388,5.0,1425081600
5,388,5.0,1425081600
19,388,5.0,1425081600
75,388,5.0,1425081600
18,389,5.0,1453680000
4,389,5.0,1453680000
5,389,5.0,1453680000
5,389,5.0,1453680000
19,389,5.0,1453680000
154,389,5.0,1453680000
8,390,5.0,1420934400
8,390,5.0,1420934400
8,390,5.0,1420934400
8,390,5.0,1420934400
8,390,5.0,1420934400
8,390,5.0,1427241600
548,391,5.0,1175126400
243,391,2.0,1215734400
243,391,2.0,1215734400
85,391,5.0,1239667200
218,391,4.0,1247184000
220,391,5.0,1470873600
221,391,5.0,1470873600
8,391,5.0,1503705600
18,392,4.0,1467763200
4,392,4.0,1467763200
5,392,4.0,1467763200
5,392,4.0,1467763200
19,392,4.0,1467763200
696,392,4.0,1467763200
522,393,4.0,1381622400
436,393,4.0,1384387200
522,393,5.0,1388102400
522,393,5.0,1388102400
522,393,5.0,1388102400
522,393,4.0,1388102400
869,393,5.0,1406419200
870,393,4.0,1412640000
871,393,4.0,1413331200
63,393,5.0,1427673600
872,393,5.0,1433548800
470,394,5.0,1444435200
758,394,4.0,1452211200
263,394,5.0,1456704000
873,394,5.0,1460592000
874,394,5.0,1474675200
470,394,5.0,1491004800
18,395,5.0,1472083200
4,395,5.0,1472083200
5,395,5.0,1472083200
5,395,5.0,1472083200
19,395,5.0,1472083200
506,395,5.0,1472083200
2,396,5.0,1344988800
3,396,5.0,1344988800
5,396,5.0,1344988800
5,396,5.0,1344988800
5,396,5.0,1344988800
5,396,5.0,1344988800
875,397,5.0,1363651200
23,397,5.0,1364083200
876,397,4.0,1364083200
407,397,5.0,1366243200
877,397,5.0,1366243200
722,397,5.0,1405900800
18,398,5.0,1462406400
4,398,5.0,1462406400
5,398,5.0,1462406400
5,398,5.0,1462406400
19,398,5.0,1462406400
320,398,5.0,1462406400
878,399,5.0,1431043200
879,399,4.0,1442188800
8,399,5.0,1504396800
91,399,5.0,1505088000
91,399,5.0,1505088000
129,399,5.0,1505865600
18,400,5.0,1479945600
4,400,5.0,1479945600
5,400,5.0,1479945600
5,400,5.0,1479945600
19,400,5.0,1479945600
248,400,5.0,1479945600
305,401,4.0,1197244800
724,401,4.0,1197331200
881,401,5.0,1336348800
882,401,5.0,1445817600
8,401,5.0,1503964800
883,401,4.0,1505174400
18,402,5.0,1359936000
4,402,5.0,1359936000
5,402,5.0,1359936000
5,402,5.0,1359936000
19,402,5.0,1359936000
448,402,5.0,1359936000
152,403,5.0,1427068800
884,403,5.0,1427328000
885,403,5.0,1444089600
99,403,5.0,1466380800
100,403,4.0,1466640000
103,403,5.0,1466640000
2,404,5.0,1501113600
3,404,5.0,1501113600
4,404,5.0,1501113600
5,404,5.0,1501113600
5,404,5.0,1501113600
654,404,5.0,1501113600
18,405,5.0,1354492800
5,405,5.0,1354492800
5,405,5.0,1354492800
5,405,5.0,1354492800
5,405,5.0,1354492800
19,405,5.0,1354492800
2,406,5.0,1404518400
3,406,5.0,1404518400
4,406,5.0,1404518400
5,406,5.0,1404518400
5,406,5.0,1404518400
4,406,5.0,1410912000
18,407,5.0,1487030400
4,407,5.0,1487030400
5,407,5.0,1487030400
5,407,5.0,1487030400
19,407,5.0,1487030400
564,407,5.0,1487030400
2,408,5.0,1372896000
3,408,5.0,1372896000
4,408,5.0,1372896000
5,408,5.0,1372896000
5,408,5.0,1372896000
886,408,5.0,1483488000
887,409,5.0,1398556800
225,409,5.0,1426204800
888,409,4.0,1453420800
8,409,5.0,1453420800
889,409,5.0,1465084800
8,409,5.0,1468627200
18,410,5.0,1470700800
4,410,5.0,1470700800
5,410,5.0,1470700800
5,410,5.0,1470700800
19,410,5.0,1470700800
689,410,5.0,1470700800
890,411,5.0,1452297600
891,411,5.0,1453939200
892,411,5.0,1455753600
434,411,5.0,1457308800
893,411,5.0,1462492800
894,411,5.0,1462492800
232,411,5.0,1475452800
201,411,4.0,1525219200
2,412,5.0,1370304000
3,412,5.0,1370304000
4,412,5.0,1370304000
5,412,5.0,1370304000
5,412,5.0,1370304000
2,412,5.0,1405296000
3,412,5.0,1405296000
4,412,5.0,1405296000
5,412,5.0,1405296000
5,412,5.0,1405296000
558,412,5.0,1488758400
2,413,5.0,1416528000
3,413,5.0,1416528000
4,413,5.0,1416528000
5,413,5.0,1416528000
5,413,5.0,1416528000
389,413,5.0,1416528000
18,414,5.0,1440374400
4,414,5.0,1440374400
5,414,5.0,1440374400
5,414,5.0,1440374400
19,414,5.0,1440374400
818,414,5.0,1440374400
18,415,5.0,1437177600
4,415,5.0,1437177600
5,415,5.0,1437177600
5,415,5.0,1437177600
19,415,5.0,1437177600
822,415,5.0,1437177600
18,416,5.0,1438905600
4,416,5.0,1438905600
5,416,5.0,1438905600
5,416,5.0,1438905600
19,416,5.0,1438905600
71,416,5.0,1438905600
2,417,5.0,1439856000
3,417,5.0,1439856000
4,417,5.0,1439856000
5,417,5.0,1439856000
5,417,5.0,1439856000
808,417,5.0,1439856000
18,418,5.0,1494806400
4,418,5.0,1494806400
5,418,5.0,1494806400
5,418,5.0,1494806400
19,418,5.0,1494806400
115,418,5.0,1494806400
2,419,5.0,1384128000
3,419,5.0,1384128000
4,419,5.0,1384128000
5,419,5.0,1384128000
5,419,5.0,1384128000
895,419,4.0,1434931200
896,419,4.0,1449187200
18,420,5.0,1458000000
4,420,5.0,1458000000
5,420,5.0,1458000000
5,420,5.0,1458000000
19,420,5.0,1458000000
446,420,5.0,1458000000
897,421,5.0,1421539200
898,421,5.0,1421539200
899,421,5.0,1440720000
900,421,5.0,1440720000
901,421,5.0,1440720000
902,421,5.0,1440720000
903,421,5.0,1440720000
904,421,5.0,1440720000
477,421,5.0,1442966400
296,421,5.0,1442966400
2,422,5.0,1412985600
3,422,5.0,1412985600
4,422,5.0,1412985600
5,422,5.0,1412985600
5,422,5.0,1412985600
56,422,5.0,1412985600
18,423,5.0,1468281600
4,423,5.0,1468281600
5,423,5.0,1468281600
5,423,5.0,1468281600
19,423,5.0,1468281600
475,423,5.0,1468281600
18,424,5.0,1491436800
4,424,5.0,1491436800
5,424,5.0,1491436800
5,424,5.0,1491436800
19,424,5.0,1491436800
307,424,5.0,1491436800
107,425,5.0,1272844800
108,425,5.0,1272844800
905,425,5.0,1475712000
757,425,5.0,1481587200
256,425,5.0,1486166400
906,425,4.0,1486166400
18,426,5.0,1488240000
4,426,5.0,1488240000
5,426,5.0,1488240000
5,426,5.0,1488240000
19,426,5.0,1488240000
21,426,5.0,1488240000
907,427,5.0,1417392000
908,427,5.0,1429488000
909,427,5.0,1440028800
885,427,5.0,1443052800
910,427,4.0,1452816000
498,428,2.0,1461369600
613,428,4.0,1461369600
911,428,3.0,1471478400
912,428,5.0,1471478400
913,428,5.0,1482451200
914,428,5.0,1487289600
2,429,5.0,1461024000
3,429,5.0,1461024000
4,429,5.0,1461024000
5,429,5.0,1461024000
5,429,5.0,1461024000
628,429,5.0,1461024000
18,430,5.0,1497657600
4,430,5.0,1497657600
5,430,5.0,1497657600
5,430,5.0,1497657600
19,430,5.0,1497657600
231,430,5.0,1497657600
183,431,5.0,1374192000
182,431,5.0,1374192000
8,431,5.0,1374192000
8,431,5.0,1374192000
8,431,5.0,1374192000
8,431,5.0,1374192000
8,431,5.0,1374192000
8,431,5.0,1374192000
8,431,5.0,1374192000
8,431,5.0,1374192000
8,431,5.0,1374192000
8,431,5.0,1374192000
8,431,5.0,1374192000
195,432,4.0,1365120000
137,432,4.0,1428537600
915,432,4.0,1449878400
8,432,5.0,1504828800
11,432,5.0,1505520000
12,432,5.0,1505520000
18,433,5.0,1445040000
4,433,5.0,1445040000
5,433,5.0,1445040000
5,433,5.0,1445040000
19,433,5.0,1445040000
231,433,5.0,1445040000
2,434,5.0,1455062400
3,434,5.0,1455062400
4,434,5.0,1455062400
5,434,5.0,1455062400
5,434,5.0,1455062400
342,434,5.0,1455062400
916,435,5.0,1312675200
398,435,5.0,1383436800
362,435,4.0,1385251200
149,435,4.0,1411603200
220,435,5.0,1470182400
221,435,5.0,1470182400
91,435,3.0,1504915200
91,435,3.0,1504915200
2,436,5.0,1353974400
3,436,5.0,1353974400
5,436,5.0,1353974400
5,436,5.0,1353974400
5,436,5.0,1353974400
5,436,5.0,1353974400
917,437,5.0,1467936000
918,437,5.0,1467936000
755,437,5.0,1467936000
919,437,5.0,1468108800
920,437,5.0,1468108800
921,437,5.0,1468627200
824,438,5.0,1286841600
922,438,5.0,1287964800
922,438,5.0,1287964800
697,438,5.0,1331942400
198,438,4.0,1365292800
82,438,3.0,1365379200
923,438,5.0,1400457600
149,438,5.0,1412380800
8,438,5.0,1516924800
8,438,5.0,1516924800
18,439,5.0,1494633600
4,439,5.0,1494633600
5,439,5.0,1494633600
5,439,5.0,1494633600
19,439,5.0,1494633600
924,439,5.0,1494633600
18,440,4.0,1406764800
4,440,4.0,1406764800
5,440,4.0,1406764800
5,440,4.0,1406764800
19,440,4.0,1406764800
448,440,4.0,1406764800
316,441,4.0,1426377600
925,441,5.0,1452902400
521,441,3.0,1467158400
926,441,3.0,1473120000
129,441,2.0,1500681600
8,441,4.0,1506297600
440,442,5.0,1430092800
927,442,4.0,1442620800
928,442,5.0,1447632000
929,442,5.0,1447632000
930,442,5.0,1448064000
931,442,5.0,1451520000
932,442,3.0,1456617600
933,442,5.0,1458604800
934,443,3.0,1439424000
543,443,3.0,1439424000
613,443,3.0,1453593600
935,443,5.0,1475884800
936,443,5.0,1475884800
937,443,4.0,1481500800
2,444,5.0,1429833600
3,444,5.0,1429833600
4,444,5.0,1429833600
5,444,5.0,1429833600
5,444,5.0,1429833600
505,444,5.0,1429833600
2,445,5.0,1344211200
3,445,5.0,1344211200
5,445,5.0,1344211200
5,445,5.0,1344211200
5,445,5.0,1344211200
5,445,5.0,1344211200
18,446,5.0,1469491200
4,446,5.0,1469491200
5,446,5.0,1469491200
5,446,5.0,1469491200
19,446,5.0,1469491200
84,446,5.0,1469491200
908,447,5.0,1431302400
570,447,5.0,1435363200
938,447,5.0,1435622400
677,447,5.0,1435708800
939,447,5.0,1436313600
940,447,5.0,1437004800
941,447,5.0,1439856000
314,447,5.0,1444867200
942,447,5.0,1451088000
943,448,5.0,1423612800
151,448,5.0,1429142400
716,448,4.0,1432252800
944,448,5.0,1447113600
945,448,5.0,1449273600
946,448,5.0,1452988800
382,449,4.0,1219104000
382,449,2.0,1245974400
382,449,5.0,1245974400
947,449,3.0,1402790400
15,449,5.0,1410566400
129,449,3.0,1502755200
18,450,5.0,1429574400
4,450,5.0,1429574400
5,450,5.0,1429574400
5,450,5.0,1429574400
19,450,5.0,1429574400
171,450,5.0,1429574400
18,451,5.0,1362614400
4,451,5.0,1362614400
5,451,5.0,1362614400
5,451,5.0,1362614400
19,451,5.0,1362614400
948,451,5.0,1362614400
18,452,5.0,1469491200
4,452,5.0,1469491200
5,452,5.0,1469491200
5,452,5.0,1469491200
19,452,5.0,1469491200
20,452,5.0,1469491200
2,453,5.0,1474675200
2,453,5.0,1474675200
3,453,5.0,1474675200
3,453,5.0,1474675200
4,453,5.0,1474675200
4,453,5.0,1474675200
5,453,5.0,1474675200
5,453,5.0,1474675200
5,453,5.0,1474675200
5,453,5.0,1474675200
726,454,4.0,1261353600
14,454,5.0,1393718400
15,454,4.0,1408147200
149,454,4.0,1412380800
128,454,3.0,1425081600
137,454,5.0,1429142400
129,454,5.0,1501286400
8,454,5.0,1504137600
8,454,5.0,1504137600
91,454,5.0,1506729600
91,454,5.0,1506729600
8,454,5.0,1516579200
48,455,5.0,1432684800
949,455,5.0,1432684800
950,455,5.0,1432684800
951,455,5.0,1432684800
952,455,5.0,1432684800
953,455,5.0,1432684800
954,455,5.0,1432684800
955,456,5.0,1440892800
956,456,5.0,1448841600
957,456,5.0,1448841600
958,456,5.0,1448841600
959,456,5.0,1467763200
960,456,5.0,1482796800
8,456,5.0,1491523200
2,457,5.0,1447632000
3,457,5.0,1447632000
4,457,5.0,1447632000
5,457,5.0,1447632000
5,457,5.0,1447632000
961,457,5.0,1464480000
513,457,4.0,1467417600
962,457,4.0,1497571200
963,457,5.0,1521331200
964,457,5.0,1532217600
2,458,5.0,1455321600
3,458,5.0,1455321600
4,458,5.0,1455321600
5,458,5.0,1455321600
5,458,5.0,1455321600
808,458,5.0,1455321600
2,459,5.0,1420243200
3,459,5.0,1420243200
4,459,5.0,1420243200
5,459,5.0,1420243200
5,459,5.0,1420243200
507,459,5.0,1420243200
18,460,4.0,1414800000
4,460,4.0,1414800000
5,460,4.0,1414800000
5,460,4.0,1414800000
19,460,4.0,1414800000
475,460,4.0,1414800000
428,461,2.0,1394755200
364,461,2.0,1432080000
201,461,3.0,1442534400
642,461,3.0,1459728000
130,461,2.0,1505692800
8,461,5.0,1529452800
18,462,5.0,1425600000
4,462,5.0,1425600000
5,462,5.0,1425600000
5,462,5.0,1425600000
19,462,5.0,1425600000
475,462,5.0,1425600000
129,463,4.0,1501027200
8,463,5.0,1504224000
8,463,5.0,1504224000
91,463,4.0,1504569600
91,463,4.0,1504569600
129,463,5.0,1506729600
530,464,4.0,1475539200
965,464,4.0,1475539200
966,464,4.0,1484179200
513,464,2.0,1484179200
967,464,5.0,1484179200
968,464,5.0,1502064000
607,465,5.0,1447286400
925,465,5.0,1455667200
434,465,5.0,1456272000
969,465,5.0,1461196800
970,465,3.0,1466553600
971,465,4.0,1466640000
972,465,4.0,1466640000
973,465,4.0,1467504000
232,465,4.0,1467936000
678,465,3.0,1470700800
701,466,5.0,1448236800
974,466,5.0,1459123200
975,466,5.0,1460419200
976,466,5.0,1460419200
977,466,5.0,1465257600
978,466,5.0,1469404800
18,467,5.0,1461196800
4,467,5.0,1461196800
5,467,5.0,1461196800
5,467,5.0,1461196800
19,467,5.0,1461196800
194,467,5.0,1461196800
18,468,5.0,1391385600
4,468,5.0,1391385600
5,468,5.0,1391385600
5,468,5.0,1391385600
19,468,5.0,1391385600
448,468,5.0,1391385600
2,469,5.0,1349740800
3,469,5.0,1349740800
5,469,5.0,1349740800
5,469,5.0,1349740800
5,469,5.0,1349740800
5,469,5.0,1349740800
18,470,5.0,1479081600
4,470,5.0,1479081600
5,470,5.0,1479081600
5,470,5.0,1479081600
19,470,5.0,1479081600
84,470,5.0,1479081600
18,471,5.0,1453161600
4,471,5.0,1453161600
5,471,5.0,1453161600
5,471,5.0,1453161600
19,471,5.0,1453161600
979,471,5.0,1453161600
18,472,5.0,1382832000
4,472,5.0,1382832000
5,472,5.0,1382832000
5,472,5.0,1382832000
19,472,5.0,1382832000
859,472,5.0,1382832000
2,473,5.0,1382745600
3,473,5.0,1382745600
4,473,5.0,1382745600
5,473,5.0,1382745600
5,473,5.0,1382745600
459,473,5.0,1382745600
18,474,5.0,1480982400
4,474,5.0,1480982400
5,474,5.0,1480982400
5,474,5.0,1480982400
19,474,5.0,1480982400
253,474,5.0,1480982400
219,475,5.0,1368144000
9,475,5.0,1431734400
9,475,5.0,1431734400
129,475,3.0,1503187200
8,475,5.0,1503964800
11,475,2.0,1504483200
12,475,2.0,1504483200
129,475,4.0,1506816000
980,476,5.0,1412208000
256,476,5.0,1460332800
256,476,5.0,1460332800
981,476,1.0,1468972800
982,476,5.0,1475539200
256,476,5.0,1493078400
22,477,4.0,1144281600
983,477,4.0,1144368000
984,477,5.0,1371686400
8,477,5.0,1503878400
91,477,4.0,1514592000
91,477,4.0,1514592000
65,478,5.0,1234828800
876,478,5.0,1366329600
9,478,5.0,1438819200
9,478,5.0,1438819200
382,478,1.0,1439769600
642,478,5.0,1459209600
985,478,3.0,1460851200
129,478,5.0,1500768000
129,478,5.0,1506124800
8,478,5.0,1529452800
742,479,5.0,1490486400
986,479,5.0,1490486400
987,479,5.0,1490486400
988,479,5.0,1490486400
989,479,5.0,1521676800
990,479,5.0,1521676800
991,479,5.0,1521676800
992,479,5.0,1521676800
993,479,5.0,1521676800
18,480,5.0,1475452800
4,480,5.0,1475452800
5,480,5.0,1475452800
5,480,5.0,1475452800
19,480,5.0,1475452800
84,480,5.0,1475452800
882,481,2.0,1143936000
994,481,5.0,1145145600
995,481,5.0,1198800000
996,481,4.0,1199318400
997,481,5.0,1214265600
998,481,5.0,1386460800
2,482,5.0,1427155200
3,482,5.0,1427155200
4,482,5.0,1427155200
5,482,5.0,1427155200
5,482,5.0,1427155200
57,482,5.0,1427155200
8,483,5.0,1503878400
91,483,4.0,1504310400
91,483,4.0,1504310400
11,483,4.0,1504310400
12,483,4.0,1504310400
129,483,4.0,1506384000
18,484,5.0,1441843200
4,484,5.0,1441843200
5,484,5.0,1441843200
5,484,5.0,1441843200
19,484,5.0,1441843200
696,484,5.0,1441843200
18,485,5.0,1466640000
4,485,5.0,1466640000
5,485,5.0,1466640000
5,485,5.0,1466640000
19,485,5.0,1466640000
472,485,5.0,1466640000
999,486,5.0,1461369600
162,486,5.0,1462665600
1000,486,5.0,1463270400
1001,486,4.0,1465948800
1002,486,5.0,1468800000
1003,486,2.0,1469232000
2,487,5.0,1375574400
3,487,5.0,1375574400
4,487,5.0,1375574400
5,487,5.0,1375574400
5,487,5.0,1375574400
1004,487,5.0,1402790400
18,488,5.0,1482710400
4,488,5.0,1482710400
5,488,5.0,1482710400
5,488,5.0,1482710400
19,488,5.0,1482710400
322,488,5.0,1482710400
18,489,5.0,1470960000
4,489,5.0,1470960000
5,489,5.0,1470960000
5,489,5.0,1470960000
19,489,5.0,1470960000
468,489,5.0,1470960000
18,490,5.0,1457222400
4,490,5.0,1457222400
5,490,5.0,1457222400
5,490,5.0,1457222400
19,490,5.0,1457222400
859,490,5.0,1457222400
2,491,5.0,1343433600
3,491,5.0,1343433600
5,491,5.0,1343433600
5,491,5.0,1343433600
5,491,5.0,1343433600
5,491,5.0,1343433600
1005,491,5.0,1524528000
18,492,5.0,1473552000
4,492,5.0,1473552000
5,492,5.0,1473552000
5,492,5.0,1473552000
19,492,5.0,1473552000
115,492,5.0,1473552000
1006,493,5.0,1418688000
1007,493,5.0,1458259200
1008,493,5.0,1458259200
1009,493,5.0,1458604800
1010,493,5.0,1458604800
1011,493,5.0,1458604800
2,494,5.0,1492214400
3,494,5.0,1492214400
4,494,5.0,1492214400
5,494,5.0,1492214400
5,494,5.0,1492214400
360,494,5.0,1492214400
1012,495,5.0,1215648000
15,495,5.0,1407715200
443,495,4.0,1421971200
25,495,5.0,1425340800
25,495,5.0,1425340800
26,495,5.0,1425340800
8,495,5.0,1425772800
129,495,4.0,1500681600
18,496,5.0,1349654400
5,496,5.0,1349654400
5,496,5.0,1349654400
5,496,5.0,1349654400
5,496,5.0,1349654400
19,496,5.0,1349654400
1013,497,3.0,1349222400
1014,497,5.0,1389139200
1015,497,5.0,1416528000
1016,497,5.0,1439596800
1017,497,5.0,1439596800
1018,497,5.0,1468627200
18,498,5.0,1468108800
4,498,5.0,1468108800
5,498,5.0,1468108800
5,498,5.0,1468108800
19,498,5.0,1468108800
1019,498,5.0,1468108800
18,499,5.0,1459123200
4,499,5.0,1459123200
5,499,5.0,1459123200
5,499,5.0,1459123200
19,499,5.0,1459123200
171,499,5.0,1459123200
1020,500,5.0,1473638400
850,500,5.0,1477526400
349,500,5.0,1477526400
329,500,5.0,1477526400
1021,500,5.0,1477526400
1022,500,5.0,1484870400
1023,500,5.0,1484870400
1024,500,5.0,1484870400
1016,501,1.0,1370995200
1016,501,5.0,1370995200
1017,501,1.0,1370995200
1017,501,5.0,1370995200
70,501,5.0,1398729600
257,501,5.0,1418947200
1025,502,5.0,1386115200
683,502,5.0,1446854400
1026,502,5.0,1453939200
1027,502,3.0,1454889600
1028,502,5.0,1464566400
766,502,4.0,1466640000
18,503,5.0,1468454400
4,503,5.0,1468454400
5,503,5.0,1468454400
5,503,5.0,1468454400
19,503,5.0,1468454400
653,503,5.0,1468454400
722,504,5.0,1384819200
107,504,5.0,1386806400
108,504,5.0,1386806400
1029,504,5.0,1387756800
1030,504,5.0,1441152000
234,504,5.0,1455235200
234,504,5.0,1455235200
705,504,5.0,1458604800
441,505,4.0,1123027200
1031,505,4.0,1124236800
518,505,4.0,1124755200
441,505,5.0,1184976000
518,505,4.0,1184976000
1032,505,4.0,1184976000
1033,505,5.0,1240185600
1034,505,3.0,1240185600
1035,505,5.0,1299974400
1036,506,5.0,1337040000
734,506,5.0,1388534400
1037,506,5.0,1399075200
17,506,5.0,1448236800
1016,506,5.0,1484697600
1017,506,5.0,1484697600
2,507,5.0,1424390400
3,507,5.0,1424390400
4,507,5.0,1424390400
5,507,5.0,1424390400
5,507,5.0,1424390400
507,507,5.0,1424390400
1038,508,4.0,1469404800
1039,508,5.0,1469404800
1040,508,2.0,1469404800
1041,508,3.0,1469404800
1042,508,3.0,1469404800
1043,508,5.0,1488067200
2,509,5.0,1352592000
3,509,5.0,1352592000
5,509,5.0,1352592000
5,509,5.0,1352592000
5,509,5.0,1352592000
5,509,5.0,1352592000
18,510,5.0,1457654400
4,510,5.0,1457654400
5,510,5.0,1457654400
5,510,5.0,1457654400
19,510,5.0,1457654400
253,510,5.0,1457654400
83,511,5.0,1400803200
128,511,4.0,1424995200
1044,511,5.0,1426204800
1045,511,5.0,1463702400
1046,511,5.0,1463702400
1047,511,5.0,1531785600
1048,512,4.0,1461283200
359,512,5.0,1476576000
613,512,5.0,1493424000
1049,512,3.0,1496275200
1050,512,5.0,1509926400
914,512,5.0,1514937600
18,513,5.0,1486339200
4,513,5.0,1486339200
5,513,5.0,1486339200
5,513,5.0,1486339200
19,513,5.0,1486339200
1051,513,5.0,1486339200
1052,514,5.0,1458950400
1052,514,5.0,1458950400
1053,514,5.0,1458950400
1054,514,2.0,1462579200
1055,514,2.0,1462579200
1056,514,2.0,1473033600
2,515,5.0,1454198400
3,515,5.0,1454198400
4,515,5.0,1454198400
5,515,5.0,1454198400
5,515,5.0,1454198400
654,515,5.0,1454198400
1057,516,5.0,1445817600
432,516,5.0,1445817600
510,516,1.0,1452729600
1058,516,4.0,1454976000
619,516,5.0,1460332800
544,516,5.0,1463788800
18,517,5.0,1429833600
4,517,5.0,1429833600
5,517,5.0,1429833600
5,517,5.0,1429833600
19,517,5.0,1429833600
304,517,5.0,1429833600
2,518,5.0,1415059200
3,518,5.0,1415059200
4,518,5.0,1415059200
5,518,5.0,1415059200
5,518,5.0,1415059200
57,518,5.0,1415059200
1059,519,5.0,1398211200
865,519,4.0,1402876800
196,519,5.0,1415664000
701,519,5.0,1423872000
1060,519,5.0,1455321600
8,519,5.0,1504051200
668,520,5.0,1375056000
1061,520,5.0,1380240000
1062,520,5.0,1415923200
1063,520,5.0,1416528000
1064,520,5.0,1420848000
1065,520,5.0,1432166400
1066,520,5.0,1435017600
1067,520,5.0,1435104000
1068,520,5.0,1440460800
1069,520,5.0,1440547200
1070,520,5.0,1440806400
1071,520,5.0,1445990400
1072,520,5.0,1447459200
947,520,5.0,1450915200
1073,520,5.0,1461888000
1074,520,5.0,1463011200
1075,520,1.0,1463270400
1076,520,3.0,1469836800
731,520,3.0,1473552000
1077,520,4.0,1499990400
2,521,5.0,1379635200
3,521,5.0,1379635200
4,521,5.0,1379635200
5,521,5.0,1379635200
5,521,5.0,1379635200
445,521,5.0,1379635200
1078,522,5.0,1465084800
1079,522,5.0,1465084800
1080,522,5.0,1465084800
1081,522,5.0,1465171200
1082,522,5.0,1465171200
1083,522,5.0,1466812800
1084,523,4.0,1413936000
8,523,3.0,1417305600
8,523,4.0,1419465600
8,523,4.0,1419897600
819,523,5.0,1420243200
568,523,5.0,1436918400
567,523,4.0,1438041600
18,524,5.0,1441411200
4,524,5.0,1441411200
5,524,5.0,1441411200
5,524,5.0,1441411200
19,524,5.0,1441411200
948,524,5.0,1441411200
497,525,3.0,1449187200
1085,525,4.0,1460764800
1086,525,3.0,1460764800
1087,525,4.0,1465344000
280,525,4.0,1470700800
1088,525,5.0,1485043200
1089,525,3.0,1504483200
1090,525,4.0,1527724800
278,525,2.0,1527724800
1091,526,5.0,1513468800
1092,526,5.0,1513468800
988,526,5.0,1513468800
1093,526,5.0,1513468800
1094,526,5.0,1513468800
993,526,5.0,1513468800
25,527,5.0,1378944000
25,527,5.0,1378944000
26,527,5.0,1378944000
195,527,5.0,1379030400
25,527,5.0,1422057600
25,527,5.0,1422057600
26,527,5.0,1422057600
18,528,5.0,1442275200
4,528,5.0,1442275200
5,528,5.0,1442275200
5,528,5.0,1442275200
19,528,5.0,1442275200
138,528,5.0,1442275200
2,529,5.0,1463616000
3,529,5.0,1463616000
4,529,5.0,1463616000
5,529,5.0,1463616000
5,529,5.0,1463616000
654,529,5.0,1463616000
18,530,5.0,1421193600
4,530,5.0,1421193600
5,530,5.0,1421193600
5,530,5.0,1421193600
19,530,5.0,1421193600
390,530,5.0,1421193600
1095,531,3.0,1232496000
137,531,4.0,1428883200
220,531,4.0,1470873600
221,531,4.0,1470873600
8,531,5.0,1503964800
11,531,4.0,1504310400
12,531,4.0,1504310400
91,531,5.0,1505174400
91,531,5.0,1505174400
2,532,5.0,1395878400
3,532,5.0,1395878400
4,532,5.0,1395878400
5,532,5.0,1395878400
5,532,5.0,1395878400
1096,532,5.0,1413504000
18,533,5.0,1461024000
4,533,5.0,1461024000
5,533,5.0,1461024000
5,533,5.0,1461024000
19,533,5.0,1461024000
21,533,5.0,1461024000
1097,534,5.0,1433635200
2,534,5.0,1505174400
3,534,5.0,1505174400
4,534,5.0,1505174400
5,534,5.0,1505174400
5,534,5.0,1505174400
230,534,5.0,1505174400
2,535,5.0,1433462400
3,535,5.0,1433462400
4,535,5.0,1433462400
5,535,5.0,1433462400
5,535,5.0,1433462400
139,535,5.0,1433462400
876,536,5.0,1392854400
1098,536,5.0,1443139200
815,536,5.0,1448755200
1099,536,5.0,1448755200
1100,536,5.0,1449446400
1101,536,4.0,1456358400
748,536,5.0,1483228800
18,537,5.0,1469404800
4,537,5.0,1469404800
5,537,5.0,1469404800
5,537,5.0,1469404800
19,537,5.0,1469404800
84,537,5.0,1469404800
18,538,5.0,1380672000
4,538,5.0,1380672000
5,538,5.0,1380672000
5,538,5.0,1380672000
19,538,5.0,1380672000
138,538,5.0,1380672000
18,539,5.0,1425686400
4,539,5.0,1425686400
5,539,5.0,1425686400
5,539,5.0,1425686400
19,539,5.0,1425686400
1051,539,5.0,1425686400
2,540,5.0,1462579200
3,540,5.0,1462579200
4,540,5.0,1462579200
5,540,5.0,1462579200
5,540,5.0,1462579200
44,540,5.0,1462579200
1102,541,5.0,1432339200
1103,541,5.0,1433462400
1104,541,5.0,1434758400
1105,541,5.0,1439510400
1106,541,5.0,1443312000
470,541,5.0,1453507200
435,541,5.0,1462579200
107,542,5.0,1337126400
108,542,5.0,1337126400
11,542,4.0,1504742400
12,542,4.0,1504742400
91,542,5.0,1504828800
91,542,5.0,1504828800
18,543,5.0,1476144000
4,543,5.0,1476144000
5,543,5.0,1476144000
5,543,5.0,1476144000
19,543,5.0,1476144000
1107,543,5.0,1476144000
154,543,5.0,1476144000
2,544,5.0,1371427200
3,544,5.0,1371427200
4,544,5.0,1371427200
5,544,5.0,1371427200
5,544,5.0,1371427200
252,544,5.0,1371427200
2,545,5.0,1148083200
3,545,5.0,1148083200
1108,545,5.0,1162771200
0,545,5.0,1168819200
305,545,4.0,1197936000
2,545,5.0,1231286400
3,545,5.0,1231286400
85,545,5.0,1239840000
436,545,5.0,1418515200
437,545,5.0,1418515200
1109,545,5.0,1443916800
18,546,3.0,1472774400
4,546,3.0,1472774400
5,546,3.0,1472774400
5,546,3.0,1472774400
19,546,3.0,1472774400
154,546,3.0,1472774400
18,547,5.0,1433635200
4,547,5.0,1433635200
5,547,5.0,1433635200
5,547,5.0,1433635200
19,547,5.0,1433635200
427,547,5.0,1433635200
18,548,4.0,1485129600
4,548,4.0,1485129600
5,548,4.0,1485129600
5,548,4.0,1485129600
19,548,4.0,1485129600
115,548,4.0,1485129600
1110,549,4.0,1456963200
1111,549,4.0,1457568000
1112,549,5.0,1459814400
1113,549,4.0,1460678400
656,549,5.0,1462406400
893,549,4.0,1462838400
434,549,4.0,1463443200
1114,550,5.0,1302134400
1114,550,5.0,1302134400
1037,550,5.0,1311811200
1115,550,5.0,1316476800
1116,550,5.0,1316563200
1117,550,5.0,1316649600
1118,550,5.0,1321488000
1119,550,5.0,1321747200
1120,550,5.0,1321833600
1121,550,5.0,1322524800
1122,550,5.0,1323734400
451,550,5.0,1323734400
8,551,5.0,1519344000
8,551,5.0,1519344000
8,551,5.0,1519344000
8,551,5.0,1519344000
8,551,4.0,1519344000
8,551,5.0,1519344000
18,552,4.0,1404777600
4,552,4.0,1404777600
5,552,4.0,1404777600
5,552,4.0,1404777600
19,552,4.0,1404777600
75,552,4.0,1404777600
644,553,3.0,1211673600
644,553,3.0,1211673600
644,553,3.0,1211673600
644,553,3.0,1211673600
644,553,3.0,1211673600
644,553,3.0,1211673600
644,553,3.0,1211673600
644,553,3.0,1211673600
644,553,3.0,1211673600
8,553,5.0,1503964800
91,553,5.0,1504310400
91,553,5.0,1504310400
2,554,5.0,1453939200
3,554,5.0,1453939200
4,554,5.0,1453939200
5,554,5.0,1453939200
5,554,5.0,1453939200
676,554,5.0,1453939200
86,555,5.0,1349740800
1123,555,4.0,1433030400
596,555,5.0,1435536000
1124,555,5.0,1468886400
202,555,5.0,1487030400
8,555,5.0,1503878400
91,555,5.0,1505088000
91,555,5.0,1505088000
129,555,5.0,1506038400
18,556,5.0,1493856000
4,556,5.0,1493856000
5,556,5.0,1493856000
5,556,5.0,1493856000
19,556,5.0,1493856000
506,556,5.0,1493856000
1125,556,5.0,1527379200
8,557,5.0,1460505600
873,557,4.0,1464739200
1126,557,4.0,1464739200
978,557,4.0,1465344000
544,557,5.0,1465776000
1127,557,3.0,1466380800
1128,557,4.0,1471305600
18,558,5.0,1385337600
4,558,5.0,1385337600
5,558,5.0,1385337600
5,558,5.0,1385337600
19,558,5.0,1385337600
1129,558,4.0,1526774400
18,559,5.0,1460592000
4,559,5.0,1460592000
5,559,5.0,1460592000
5,559,5.0,1460592000
19,559,5.0,1460592000
1130,559,5.0,1475452800
18,560,5.0,1458604800
4,560,5.0,1458604800
5,560,5.0,1458604800
5,560,5.0,1458604800
19,560,5.0,1458604800
1131,560,5.0,1458604800
1132,561,1.0,1460246400
130,561,4.0,1504137600
8,561,5.0,1504137600
8,561,5.0,1504137600
11,561,4.0,1504396800
12,561,4.0,1504396800
1133,562,5.0,1437868800
18,562,5.0,1438646400
4,562,5.0,1438646400
5,562,5.0,1438646400
5,562,5.0,1438646400
19,562,5.0,1438646400
405,562,5.0,1438646400
1134,562,5.0,1445817600
18,563,5.0,1467158400
4,563,5.0,1467158400
5,563,5.0,1467158400
5,563,5.0,1467158400
19,563,5.0,1467158400
154,563,5.0,1467158400
2,564,5.0,1416528000
3,564,5.0,1416528000
4,564,5.0,1416528000
5,564,5.0,1416528000
5,564,5.0,1416528000
505,564,5.0,1416528000
18,565,5.0,1468454400
4,565,5.0,1468454400
5,565,5.0,1468454400
5,565,5.0,1468454400
19,565,5.0,1468454400
154,565,5.0,1468454400
291,566,4.0,1415059200
18,566,5.0,1477440000
4,566,5.0,1477440000
5,566,5.0,1477440000
5,566,5.0,1477440000
19,566,5.0,1477440000
8,566,4.0,1503878400
91,566,4.0,1504569600
91,566,4.0,1504569600
1135,567,4.0,1426032000
1136,567,5.0,1445385600
1137,567,5.0,1455926400
351,567,4.0,1462752000
1138,567,3.0,1464393600
1139,567,2.0,1465516800
402,567,5.0,1466553600
1140,567,4.0,1470873600
243,568,4.0,1423785600
243,568,4.0,1423785600
8,568,5.0,1504137600
8,568,5.0,1504137600
91,568,5.0,1504828800
91,568,5.0,1504828800
570,569,5.0,1435536000
1141,569,5.0,1435622400
677,569,5.0,1437091200
712,569,5.0,1438646400
561,569,5.0,1450310400
515,569,5.0,1457654400
644,570,1.0,1236211200
1142,570,2.0,1264377600
1143,570,5.0,1286755200
1144,570,1.0,1287792000
1145,570,5.0,1292025600
198,570,3.0,1365811200
82,570,2.0,1365811200
15,570,3.0,1408320000
91,570,4.0,1504396800
91,570,4.0,1504396800
11,570,2.0,1504656000
12,570,2.0,1504656000
595,571,5.0,1456358400
595,571,5.0,1456358400
434,571,5.0,1457136000
1146,571,2.0,1464652800
1147,571,5.0,1464739200
1148,571,5.0,1471737600
1149,572,5.0,1271116800
1150,572,4.0,1358726400
1150,572,4.0,1358726400
82,572,5.0,1365379200
129,572,5.0,1510099200
8,572,5.0,1531008000
2,573,5.0,1452902400
3,573,5.0,1452902400
4,573,5.0,1452902400
5,573,5.0,1452902400
5,573,5.0,1452902400
365,573,5.0,1452902400
957,574,5.0,1415318400
1151,574,5.0,1476144000
1152,574,5.0,1482278400
906,574,5.0,1488758400
1153,574,5.0,1488758400
1139,574,5.0,1488758400
1154,575,2.0,1431388800
1155,575,5.0,1431388800
1156,575,3.0,1442275200
1157,575,1.0,1470787200
470,575,5.0,1471564800
1158,575,5.0,1471564800
18,576,5.0,1494028800
4,576,5.0,1494028800
5,576,5.0,1494028800
5,576,5.0,1494028800
19,576,5.0,1494028800
380,576,5.0,1494028800
2,577,5.0,1431993600
3,577,5.0,1431993600
4,577,5.0,1431993600
5,577,5.0,1431993600
5,577,5.0,1431993600
44,577,5.0,1431993600
18,578,5.0,1460592000
4,578,5.0,1460592000
5,578,5.0,1460592000
5,578,5.0,1460592000
19,578,5.0,1460592000
979,578,5.0,1460592000
1159,579,4.0,1377388800
1160,579,3.0,1409875200
1161,579,4.0,1448582400
1162,579,5.0,1455062400
1163,579,5.0,1474416000
1164,579,5.0,1476316800
82,580,2.0,1365120000
195,580,5.0,1365206400
198,580,4.0,1365379200
1044,580,3.0,1426032000
122,580,4.0,1443139200
220,580,5.0,1470787200
221,580,5.0,1470787200
202,580,4.0,1487462400
535,580,2.0,1526169600
462,581,3.0,1466208000
1165,581,4.0,1466208000
1166,581,4.0,1466208000
1167,581,3.0,1466208000
1168,581,2.0,1466208000
317,581,2.0,1467158400
1169,581,5.0,1467158400
18,582,5.0,1461888000
4,582,5.0,1461888000
5,582,5.0,1461888000
5,582,5.0,1461888000
19,582,5.0,1461888000
154,582,5.0,1461888000
278,583,5.0,1470873600
1170,583,5.0,1470873600
1171,583,3.0,1471046400
497,583,5.0,1471737600
391,583,5.0,1471737600
328,583,5.0,1471737600
18,584,5.0,1444780800
4,584,5.0,1444780800
5,584,5.0,1444780800
5,584,5.0,1444780800
19,584,5.0,1444780800
419,584,5.0,1444780800
18,585,5.0,1473033600
4,585,5.0,1473033600
5,585,5.0,1473033600
5,585,5.0,1473033600
19,585,5.0,1473033600
446,585,5.0,1473033600
1172,586,5.0,1445385600
18,586,5.0,1450310400
4,586,5.0,1450310400
5,586,5.0,1450310400
5,586,5.0,1450310400
19,586,5.0,1450310400
84,586,5.0,1450310400
19,587,5.0,1526688000
2,587,3.0,1526688000
3,587,3.0,1526688000
4,587,3.0,1526688000
4,587,5.0,1526688000
5,587,3.0,1526688000
5,587,5.0,1526688000
2,588,5.0,1502755200
3,588,5.0,1502755200
4,588,5.0,1502755200
5,588,5.0,1502755200
5,588,5.0,1502755200
571,588,5.0,1502755200
18,589,5.0,1459036800
4,589,5.0,1459036800
5,589,5.0,1459036800
5,589,5.0,1459036800
19,589,5.0,1459036800
1173,589,4.0,1472083200
2,590,5.0,1478131200
3,590,5.0,1478131200
4,590,5.0,1478131200
5,590,5.0,1478131200
5,590,5.0,1478131200
1174,590,4.0,1514419200
18,591,5.0,1496102400
4,591,5.0,1496102400
5,591,5.0,1496102400
5,591,5.0,1496102400
19,591,5.0,1496102400
307,591,5.0,1496102400
2,592,5.0,1484611200
3,592,5.0,1484611200
4,592,5.0,1484611200
5,592,5.0,1484611200
5,592,5.0,1484611200
230,592,5.0,1484611200
1175,593,5.0,1434412800
1176,593,5.0,1435449600
1177,593,5.0,1438905600
8,593,5.0,1440374400
598,593,4.0,1444089600
1178,593,5.0,1484784000
11,593,5.0,1505088000
12,593,5.0,1505088000
8,593,5.0,1506384000
8,593,4.0,1506643200
8,593,4.0,1506643200
18,594,5.0,1505952000
4,594,5.0,1505952000
5,594,5.0,1505952000
5,594,5.0,1505952000
19,594,5.0,1505952000
696,594,5.0,1505952000
18,595,5.0,1478995200
4,595,5.0,1478995200
5,595,5.0,1478995200
5,595,5.0,1478995200
19,595,5.0,1478995200
1131,595,5.0,1478995200
18,596,5.0,1485820800
4,596,5.0,1485820800
5,596,5.0,1485820800
5,596,5.0,1485820800
19,596,5.0,1485820800
446,596,5.0,1485820800
25,597,5.0,1367107200
25,597,5.0,1367107200
25,597,5.0,1367107200
25,597,5.0,1367107200
26,597,5.0,1367107200
26,597,5.0,1367107200
18,598,5.0,1461283200
4,598,5.0,1461283200
5,598,5.0,1461283200
5,598,5.0,1461283200
19,598,5.0,1461283200
154,598,5.0,1461283200
2,599,5.0,1443744000
3,599,5.0,1443744000
4,599,5.0,1443744000
5,599,5.0,1443744000
5,599,5.0,1443744000
1179,599,5.0,1466035200
217,600,5.0,1241740800
9,600,5.0,1431043200
9,600,5.0,1431043200
1180,600,5.0,1458345600
91,600,5.0,1508716800
91,600,5.0,1508716800
27,601,5.0,1534982400
27,601,5.0,1534982400
27,601,5.0,1534982400
27,601,5.0,1534982400
27,601,5.0,1534982400
27,601,5.0,1534982400
27,601,5.0,1534982400
27,601,5.0,1534982400
27,601,5.0,1534982400
27,601,5.0,1534982400
27,601,5.0,1534982400
18,602,5.0,1457395200
4,602,5.0,1457395200
5,602,5.0,1457395200
5,602,5.0,1457395200
19,602,5.0,1457395200
154,602,5.0,1457395200
1181,603,1.0,1445212800
613,603,4.0,1461110400
1182,603,2.0,1461110400
1183,603,5.0,1461542400
495,603,5.0,1462406400
496,603,5.0,1462406400
2,604,5.0,1464825600
3,604,5.0,1464825600
4,604,5.0,1464825600
5,604,5.0,1464825600
5,604,5.0,1464825600
135,604,5.0,1464825600
2,605,5.0,1440115200
3,605,5.0,1440115200
4,605,5.0,1440115200
5,605,5.0,1440115200
5,605,5.0,1440115200
365,605,5.0,1440115200
1184,605,5.0,1488931200
2,606,5.0,1382572800
3,606,5.0,1382572800
4,606,5.0,1382572800
5,606,5.0,1382572800
5,606,5.0,1382572800
1185,606,5.0,1421884800
1016,607,5.0,1296864000
1017,607,5.0,1296864000
1044,607,4.0,1426550400
364,607,4.0,1431993600
8,607,5.0,1503964800
883,607,4.0,1505520000
1186,608,4.0,1447286400
1187,608,5.0,1453593600
1188,608,4.0,1453593600
1189,608,5.0,1454976000
1190,608,5.0,1456099200
1191,608,5.0,1462147200
1192,608,5.0,1462147200
2,609,5.0,1403136000
3,609,5.0,1403136000
4,609,5.0,1403136000
5,609,5.0,1403136000
5,609,5.0,1403136000
172,609,5.0,1403136000
18,610,5.0,1458518400
4,610,5.0,1458518400
5,610,5.0,1458518400
5,610,5.0,1458518400
19,610,5.0,1458518400
154,610,5.0,1458518400
18,611,5.0,1482105600
4,611,5.0,1482105600
1193,611,5.0,1482105600
5,611,5.0,1482105600
1193,611,5.0,1482105600
5,611,5.0,1482105600
19,611,5.0,1482105600
1194,611,5.0,1496361600
242,612,5.0,1439856000
1195,612,4.0,1439856000
1196,612,5.0,1491868800
91,612,5.0,1505347200
91,612,5.0,1505347200
8,612,4.0,1529712000
1197,613,5.0,1430697600
1198,613,3.0,1430697600
744,613,4.0,1432080000
1199,613,4.0,1433462400
1200,613,4.0,1434412800
1201,613,5.0,1436400000
18,614,5.0,1479427200
4,614,5.0,1479427200
5,614,5.0,1479427200
5,614,5.0,1479427200
19,614,5.0,1479427200
154,614,5.0,1479427200
149,615,4.0,1412294400
426,615,3.0,1426032000
220,615,5.0,1471737600
221,615,5.0,1471737600
91,615,4.0,1509321600
91,615,4.0,1509321600
2,616,5.0,1374105600
3,616,5.0,1374105600
4,616,5.0,1374105600
5,616,5.0,1374105600
5,616,5.0,1374105600
466,616,5.0,1374105600
1202,617,1.0,1441584000
1203,617,2.0,1446940800
1204,617,1.0,1460073600
1205,617,5.0,1461196800
1206,617,3.0,1462924800
1207,617,5.0,1464652800
1208,617,3.0,1466640000
18,618,5.0,1375747200
4,618,5.0,1375747200
5,618,5.0,1375747200
5,618,5.0,1375747200
19,618,5.0,1375747200
859,618,5.0,1375747200
18,619,5.0,1484438400
4,619,5.0,1484438400
5,619,5.0,1484438400
5,619,5.0,1484438400
19,619,5.0,1484438400
115,619,5.0,1484438400
956,620,2.0,1472256000
1209,620,2.0,1473292800
1210,620,3.0,1526169600
1211,620,3.0,1526169600
328,620,2.0,1526169600
1212,620,1.0,1526169600
1213,621,2.0,1425254400
1214,621,5.0,1429833600
107,621,5.0,1435968000
108,621,5.0,1435968000
23,621,3.0,1441929600
1215,621,5.0,1452902400
140,622,4.0,1461715200
1216,622,4.0,1461715200
1217,622,4.0,1461715200
1218,622,4.0,1461715200
145,622,4.0,1461715200
1219,622,4.0,1461715200
2,623,5.0,1411862400
3,623,5.0,1411862400
4,623,5.0,1411862400
5,623,5.0,1411862400
5,623,5.0,1411862400
73,623,5.0,1411862400
